record_id,site,age,sex,cp,trestbps,chol,fbs,restecg,thalach,exang,oldpeak,slope,ca,thal,num
Cleveland-001,Cleveland,63.0,1.0,1.0,145.0,233.0,1.0,2.0,150.0,0.0,2.3,3.0,0.0,6.0,0
Cleveland-002,Cleveland,67.0,1.0,4.0,160.0,286.0,0.0,2.0,108.0,1.0,1.5,2.0,3.0,3.0,2
Cleveland-003,Cleveland,67.0,1.0,4.0,120.0,229.0,0.0,2.0,129.0,1.0,2.6,2.0,2.0,7.0,1
Cleveland-004,Cleveland,37.0,1.0,3.0,130.0,250.0,0.0,0.0,187.0,0.0,3.5,3.0,0.0,3.0,0
Cleveland-005,Cleveland,41.0,0.0,2.0,130.0,204.0,0.0,2.0,172.0,0.0,1.4,1.0,0.0,3.0,0
Cleveland-006,Cleveland,56.0,1.0,2.0,120.0,236.0,0.0,0.0,178.0,0.0,0.8,1.0,0.0,3.0,0
Cleveland-007,Cleveland,62.0,0.0,4.0,140.0,268.0,0.0,2.0,160.0,0.0,3.6,3.0,2.0,3.0,3
Cleveland-008,Cleveland,57.0,0.0,4.0,120.0,354.0,0.0,0.0,163.0,1.0,0.6,1.0,0.0,3.0,0
Cleveland-009,Cleveland,63.0,1.0,4.0,130.0,254.0,0.0,2.0,147.0,0.0,1.4,2.0,1.0,7.0,2
Cleveland-010,Cleveland,53.0,1.0,4.0,140.0,203.0,1.0,2.0,155.0,1.0,3.1,3.0,0.0,7.0,1
Cleveland-011,Cleveland,57.0,1.0,4.0,140.0,192.0,0.0,0.0,148.0,0.0,0.4,2.0,0.0,6.0,0
Cleveland-012,Cleveland,56.0,0.0,2.0,140.0,294.0,0.0,2.0,153.0,0.0,1.3,2.0,0.0,3.0,0
Cleveland-013,Cleveland,56.0,1.0,3.0,130.0,256.0,1.0,2.0,142.0,1.0,0.6,2.0,1.0,6.0,2
Cleveland-014,Cleveland,44.0,1.0,2.0,120.0,263.0,0.0,0.0,173.0,0.0,0.0,1.0,0.0,7.0,0
Cleveland-015,Cleveland,52.0,1.0,3.0,172.0,199.0,1.0,0.0,162.0,0.0,0.5,1.0,0.0,7.0,0
Cleveland-016,Cleveland,57.0,1.0,3.0,150.0,168.0,0.0,0.0,174.0,0.0,1.6,1.0,0.0,3.0,0
Cleveland-017,Cleveland,48.0,1.0,2.0,110.0,229.0,0.0,0.0,168.0,0.0,1.0,3.0,0.0,7.0,1
Cleveland-018,Cleveland,54.0,1.0,4.0,140.0,239.0,0.0,0.0,160.0,0.0,1.2,1.0,0.0,3.0,0
Cleveland-019,Cleveland,48.0,0.0,3.0,130.0,275.0,0.0,0.0,139.0,0.0,0.2,1.0,0.0,3.0,0
Cleveland-020,Cleveland,49.0,1.0,2.0,130.0,266.0,0.0,0.0,171.0,0.0,0.6,1.0,0.0,3.0,0
Cleveland-021,Cleveland,64.0,1.0,1.0,110.0,211.0,0.0,2.0,144.0,1.0,1.8,2.0,0.0,3.0,0
Cleveland-022,Cleveland,58.0,0.0,1.0,150.0,283.0,1.0,2.0,162.0,0.0,1.0,1.0,0.0,3.0,0
Cleveland-023,Cleveland,58.0,1.0,2.0,120.0,284.0,0.0,2.0,160.0,0.0,1.8,2.0,0.0,3.0,1
Cleveland-024,Cleveland,58.0,1.0,3.0,132.0,224.0,0.0,2.0,173.0,0.0,3.2,1.0,2.0,7.0,3
Cleveland-025,Cleveland,60.0,1.0,4.0,130.0,206.0,0.0,2.0,132.0,1.0,2.4,2.0,2.0,7.0,4
Cleveland-026,Cleveland,50.0,0.0,3.0,120.0,219.0,0.0,0.0,158.0,0.0,1.6,2.0,0.0,3.0,0
Cleveland-027,Cleveland,58.0,0.0,3.0,120.0,340.0,0.0,0.0,172.0,0.0,0.0,1.0,0.0,3.0,0
Cleveland-028,Cleveland,66.0,0.0,1.0,150.0,226.0,0.0,0.0,114.0,0.0,2.6,3.0,0.0,3.0,0
Cleveland-029,Cleveland,43.0,1.0,4.0,150.0,247.0,0.0,0.0,171.0,0.0,1.5,1.0,0.0,3.0,0
Cleveland-030,Cleveland,40.0,1.0,4.0,110.0,167.0,0.0,2.0,114.0,1.0,2.0,2.0,0.0,7.0,3
Cleveland-031,Cleveland,69.0,0.0,1.0,140.0,239.0,0.0,0.0,151.0,0.0,1.8,1.0,2.0,3.0,0
Cleveland-032,Cleveland,60.0,1.0,4.0,117.0,230.0,1.0,0.0,160.0,1.0,1.4,1.0,2.0,7.0,2
Cleveland-033,Cleveland,64.0,1.0,3.0,140.0,335.0,0.0,0.0,158.0,0.0,0.0,1.0,0.0,3.0,1
Cleveland-034,Cleveland,59.0,1.0,4.0,135.0,234.0,0.0,0.0,161.0,0.0,0.5,2.0,0.0,7.0,0
Cleveland-035,Cleveland,44.0,1.0,3.0,130.0,233.0,0.0,0.0,179.0,1.0,0.4,1.0,0.0,3.0,0
Cleveland-036,Cleveland,42.0,1.0,4.0,140.0,226.0,0.0,0.0,178.0,0.0,0.0,1.0,0.0,3.0,0
Cleveland-037,Cleveland,43.0,1.0,4.0,120.0,177.0,0.0,2.0,120.0,1.0,2.5,2.0,0.0,7.0,3
Cleveland-038,Cleveland,57.0,1.0,4.0,150.0,276.0,0.0,2.0,112.0,1.0,0.6,2.0,1.0,6.0,1
Cleveland-039,Cleveland,55.0,1.0,4.0,132.0,353.0,0.0,0.0,132.0,1.0,1.2,2.0,1.0,7.0,3
Cleveland-040,Cleveland,61.0,1.0,3.0,150.0,243.0,1.0,0.0,137.0,1.0,1.0,2.0,0.0,3.0,0
Cleveland-041,Cleveland,65.0,0.0,4.0,150.0,225.0,0.0,2.0,114.0,0.0,1.0,2.0,3.0,7.0,4
Cleveland-042,Cleveland,40.0,1.0,1.0,140.0,199.0,0.0,0.0,178.0,1.0,1.4,1.0,0.0,7.0,0
Cleveland-043,Cleveland,71.0,0.0,2.0,160.0,302.0,0.0,0.0,162.0,0.0,0.4,1.0,2.0,3.0,0
Cleveland-044,Cleveland,59.0,1.0,3.0,150.0,212.0,1.0,0.0,157.0,0.0,1.6,1.0,0.0,3.0,0
Cleveland-045,Cleveland,61.0,0.0,4.0,130.0,330.0,0.0,2.0,169.0,0.0,0.0,1.0,0.0,3.0,1
Cleveland-046,Cleveland,58.0,1.0,3.0,112.0,230.0,0.0,2.0,165.0,0.0,2.5,2.0,1.0,7.0,4
Cleveland-047,Cleveland,51.0,1.0,3.0,110.0,175.0,0.0,0.0,123.0,0.0,0.6,1.0,0.0,3.0,0
Cleveland-048,Cleveland,50.0,1.0,4.0,150.0,243.0,0.0,2.0,128.0,0.0,2.6,2.0,0.0,7.0,4
Cleveland-049,Cleveland,65.0,0.0,3.0,140.0,417.0,1.0,2.0,157.0,0.0,0.8,1.0,1.0,3.0,0
Cleveland-050,Cleveland,53.0,1.0,3.0,130.0,197.0,1.0,2.0,152.0,0.0,1.2,3.0,0.0,3.0,0
Cleveland-051,Cleveland,41.0,0.0,2.0,105.0,198.0,0.0,0.0,168.0,0.0,0.0,1.0,1.0,3.0,0
Cleveland-052,Cleveland,65.0,1.0,4.0,120.0,177.0,0.0,0.0,140.0,0.0,0.4,1.0,0.0,7.0,0
Cleveland-053,Cleveland,44.0,1.0,4.0,112.0,290.0,0.0,2.0,153.0,0.0,0.0,1.0,1.0,3.0,2
Cleveland-054,Cleveland,44.0,1.0,2.0,130.0,219.0,0.0,2.0,188.0,0.0,0.0,1.0,0.0,3.0,0
Cleveland-055,Cleveland,60.0,1.0,4.0,130.0,253.0,0.0,0.0,144.0,1.0,1.4,1.0,1.0,7.0,1
Cleveland-056,Cleveland,54.0,1.0,4.0,124.0,266.0,0.0,2.0,109.0,1.0,2.2,2.0,1.0,7.0,1
Cleveland-057,Cleveland,50.0,1.0,3.0,140.0,233.0,0.0,0.0,163.0,0.0,0.6,2.0,1.0,7.0,1
Cleveland-058,Cleveland,41.0,1.0,4.0,110.0,172.0,0.0,2.0,158.0,0.0,0.0,1.0,0.0,7.0,1
Cleveland-059,Cleveland,54.0,1.0,3.0,125.0,273.0,0.0,2.0,152.0,0.0,0.5,3.0,1.0,3.0,0
Cleveland-060,Cleveland,51.0,1.0,1.0,125.0,213.0,0.0,2.0,125.0,1.0,1.4,1.0,1.0,3.0,0
Cleveland-061,Cleveland,51.0,0.0,4.0,130.0,305.0,0.0,0.0,142.0,1.0,1.2,2.0,0.0,7.0,2
Cleveland-062,Cleveland,46.0,0.0,3.0,142.0,177.0,0.0,2.0,160.0,1.0,1.4,3.0,0.0,3.0,0
Cleveland-063,Cleveland,58.0,1.0,4.0,128.0,216.0,0.0,2.0,131.0,1.0,2.2,2.0,3.0,7.0,1
Cleveland-064,Cleveland,54.0,0.0,3.0,135.0,304.0,1.0,0.0,170.0,0.0,0.0,1.0,0.0,3.0,0
Cleveland-065,Cleveland,54.0,1.0,4.0,120.0,188.0,0.0,0.0,113.0,0.0,1.4,2.0,1.0,7.0,2
Cleveland-066,Cleveland,60.0,1.0,4.0,145.0,282.0,0.0,2.0,142.0,1.0,2.8,2.0,2.0,7.0,2
Cleveland-067,Cleveland,60.0,1.0,3.0,140.0,185.0,0.0,2.0,155.0,0.0,3.0,2.0,0.0,3.0,1
Cleveland-068,Cleveland,54.0,1.0,3.0,150.0,232.0,0.0,2.0,165.0,0.0,1.6,1.0,0.0,7.0,0
Cleveland-069,Cleveland,59.0,1.0,4.0,170.0,326.0,0.0,2.0,140.0,1.0,3.4,3.0,0.0,7.0,2
Cleveland-070,Cleveland,46.0,1.0,3.0,150.0,231.0,0.0,0.0,147.0,0.0,3.6,2.0,0.0,3.0,1
Cleveland-071,Cleveland,65.0,0.0,3.0,155.0,269.0,0.0,0.0,148.0,0.0,0.8,1.0,0.0,3.0,0
Cleveland-072,Cleveland,67.0,1.0,4.0,125.0,254.0,1.0,0.0,163.0,0.0,0.2,2.0,2.0,7.0,3
Cleveland-073,Cleveland,62.0,1.0,4.0,120.0,267.0,0.0,0.0,99.0,1.0,1.8,2.0,2.0,7.0,1
Cleveland-074,Cleveland,65.0,1.0,4.0,110.0,248.0,0.0,2.0,158.0,0.0,0.6,1.0,2.0,6.0,1
Cleveland-075,Cleveland,44.0,1.0,4.0,110.0,197.0,0.0,2.0,177.0,0.0,0.0,1.0,1.0,3.0,1
Cleveland-076,Cleveland,65.0,0.0,3.0,160.0,360.0,0.0,2.0,151.0,0.0,0.8,1.0,0.0,3.0,0
Cleveland-077,Cleveland,60.0,1.0,4.0,125.0,258.0,0.0,2.0,141.0,1.0,2.8,2.0,1.0,7.0,1
Cleveland-078,Cleveland,51.0,0.0,3.0,140.0,308.0,0.0,2.0,142.0,0.0,1.5,1.0,1.0,3.0,0
Cleveland-079,Cleveland,48.0,1.0,2.0,130.0,245.0,0.0,2.0,180.0,0.0,0.2,2.0,0.0,3.0,0
Cleveland-080,Cleveland,58.0,1.0,4.0,150.0,270.0,0.0,2.0,111.0,1.0,0.8,1.0,0.0,7.0,3
Cleveland-081,Cleveland,45.0,1.0,4.0,104.0,208.0,0.0,2.0,148.0,1.0,3.0,2.0,0.0,3.0,0
Cleveland-082,Cleveland,53.0,0.0,4.0,130.0,264.0,0.0,2.0,143.0,0.0,0.4,2.0,0.0,3.0,0
Cleveland-083,Cleveland,39.0,1.0,3.0,140.0,321.0,0.0,2.0,182.0,0.0,0.0,1.0,0.0,3.0,0
Cleveland-084,Cleveland,68.0,1.0,3.0,180.0,274.0,1.0,2.0,150.0,1.0,1.6,2.0,0.0,7.0,3
Cleveland-085,Cleveland,52.0,1.0,2.0,120.0,325.0,0.0,0.0,172.0,0.0,0.2,1.0,0.0,3.0,0
Cleveland-086,Cleveland,44.0,1.0,3.0,140.0,235.0,0.0,2.0,180.0,0.0,0.0,1.0,0.0,3.0,0
Cleveland-087,Cleveland,47.0,1.0,3.0,138.0,257.0,0.0,2.0,156.0,0.0,0.0,1.0,0.0,3.0,0
Cleveland-088,Cleveland,53.0,0.0,3.0,128.0,216.0,0.0,2.0,115.0,0.0,0.0,1.0,0.0,,0
Cleveland-089,Cleveland,53.0,0.0,4.0,138.0,234.0,0.0,2.0,160.0,0.0,0.0,1.0,0.0,3.0,0
Cleveland-090,Cleveland,51.0,0.0,3.0,130.0,256.0,0.0,2.0,149.0,0.0,0.5,1.0,0.0,3.0,0
Cleveland-091,Cleveland,66.0,1.0,4.0,120.0,302.0,0.0,2.0,151.0,0.0,0.4,2.0,0.0,3.0,0
Cleveland-092,Cleveland,62.0,0.0,4.0,160.0,164.0,0.0,2.0,145.0,0.0,6.2,3.0,3.0,7.0,3
Cleveland-093,Cleveland,62.0,1.0,3.0,130.0,231.0,0.0,0.0,146.0,0.0,1.8,2.0,3.0,7.0,0
Cleveland-094,Cleveland,44.0,0.0,3.0,108.0,141.0,0.0,0.0,175.0,0.0,0.6,2.0,0.0,3.0,0
Cleveland-095,Cleveland,63.0,0.0,3.0,135.0,252.0,0.0,2.0,172.0,0.0,0.0,1.0,0.0,3.0,0
Cleveland-096,Cleveland,52.0,1.0,4.0,128.0,255.0,0.0,0.0,161.0,1.0,0.0,1.0,1.0,7.0,1
Cleveland-097,Cleveland,59.0,1.0,4.0,110.0,239.0,0.0,2.0,142.0,1.0,1.2,2.0,1.0,7.0,2
Cleveland-098,Cleveland,60.0,0.0,4.0,150.0,258.0,0.0,2.0,157.0,0.0,2.6,2.0,2.0,7.0,3
Cleveland-099,Cleveland,52.0,1.0,2.0,134.0,201.0,0.0,0.0,158.0,0.0,0.8,1.0,1.0,3.0,0
Cleveland-100,Cleveland,48.0,1.0,4.0,122.0,222.0,0.0,2.0,186.0,0.0,0.0,1.0,0.0,3.0,0
Cleveland-101,Cleveland,45.0,1.0,4.0,115.0,260.0,0.0,2.0,185.0,0.0,0.0,1.0,0.0,3.0,0
Cleveland-102,Cleveland,34.0,1.0,1.0,118.0,182.0,0.0,2.0,174.0,0.0,0.0,1.0,0.0,3.0,0
Cleveland-103,Cleveland,57.0,0.0,4.0,128.0,303.0,0.0,2.0,159.0,0.0,0.0,1.0,1.0,3.0,0
Cleveland-104,Cleveland,71.0,0.0,3.0,110.0,265.0,1.0,2.0,130.0,0.0,0.0,1.0,1.0,3.0,0
Cleveland-105,Cleveland,49.0,1.0,3.0,120.0,188.0,0.0,0.0,139.0,0.0,2.0,2.0,3.0,7.0,3
Cleveland-106,Cleveland,54.0,1.0,2.0,108.0,309.0,0.0,0.0,156.0,0.0,0.0,1.0,0.0,7.0,0
Cleveland-107,Cleveland,59.0,1.0,4.0,140.0,177.0,0.0,0.0,162.0,1.0,0.0,1.0,1.0,7.0,2
Cleveland-108,Cleveland,57.0,1.0,3.0,128.0,229.0,0.0,2.0,150.0,0.0,0.4,2.0,1.0,7.0,1
Cleveland-109,Cleveland,61.0,1.0,4.0,120.0,260.0,0.0,0.0,140.0,1.0,3.6,2.0,1.0,7.0,2
Cleveland-110,Cleveland,39.0,1.0,4.0,118.0,219.0,0.0,0.0,140.0,0.0,1.2,2.0,0.0,7.0,3
Cleveland-111,Cleveland,61.0,0.0,4.0,145.0,307.0,0.0,2.0,146.0,1.0,1.0,2.0,0.0,7.0,1
Cleveland-112,Cleveland,56.0,1.0,4.0,125.0,249.0,1.0,2.0,144.0,1.0,1.2,2.0,1.0,3.0,1
Cleveland-113,Cleveland,52.0,1.0,1.0,118.0,186.0,0.0,2.0,190.0,0.0,0.0,2.0,0.0,6.0,0
Cleveland-114,Cleveland,43.0,0.0,4.0,132.0,341.0,1.0,2.0,136.0,1.0,3.0,2.0,0.0,7.0,2
Cleveland-115,Cleveland,62.0,0.0,3.0,130.0,263.0,0.0,0.0,97.0,0.0,1.2,2.0,1.0,7.0,2
Cleveland-116,Cleveland,41.0,1.0,2.0,135.0,203.0,0.0,0.0,132.0,0.0,0.0,2.0,0.0,6.0,0
Cleveland-117,Cleveland,58.0,1.0,3.0,140.0,211.0,1.0,2.0,165.0,0.0,0.0,1.0,0.0,3.0,0
Cleveland-118,Cleveland,35.0,0.0,4.0,138.0,183.0,0.0,0.0,182.0,0.0,1.4,1.0,0.0,3.0,0
Cleveland-119,Cleveland,63.0,1.0,4.0,130.0,330.0,1.0,2.0,132.0,1.0,1.8,1.0,3.0,7.0,3
Cleveland-120,Cleveland,65.0,1.0,4.0,135.0,254.0,0.0,2.0,127.0,0.0,2.8,2.0,1.0,7.0,2
Cleveland-121,Cleveland,48.0,1.0,4.0,130.0,256.0,1.0,2.0,150.0,1.0,0.0,1.0,2.0,7.0,3
Cleveland-122,Cleveland,63.0,0.0,4.0,150.0,407.0,0.0,2.0,154.0,0.0,4.0,2.0,3.0,7.0,4
Cleveland-123,Cleveland,51.0,1.0,3.0,100.0,222.0,0.0,0.0,143.0,1.0,1.2,2.0,0.0,3.0,0
Cleveland-124,Cleveland,55.0,1.0,4.0,140.0,217.0,0.0,0.0,111.0,1.0,5.6,3.0,0.0,7.0,3
Cleveland-125,Cleveland,65.0,1.0,1.0,138.0,282.0,1.0,2.0,174.0,0.0,1.4,2.0,1.0,3.0,1
Cleveland-126,Cleveland,45.0,0.0,2.0,130.0,234.0,0.0,2.0,175.0,0.0,0.6,2.0,0.0,3.0,0
Cleveland-127,Cleveland,56.0,0.0,4.0,200.0,288.0,1.0,2.0,133.0,1.0,4.0,3.0,2.0,7.0,3
Cleveland-128,Cleveland,54.0,1.0,4.0,110.0,239.0,0.0,0.0,126.0,1.0,2.8,2.0,1.0,7.0,3
Cleveland-129,Cleveland,44.0,1.0,2.0,120.0,220.0,0.0,0.0,170.0,0.0,0.0,1.0,0.0,3.0,0
Cleveland-130,Cleveland,62.0,0.0,4.0,124.0,209.0,0.0,0.0,163.0,0.0,0.0,1.0,0.0,3.0,0
Cleveland-131,Cleveland,54.0,1.0,3.0,120.0,258.0,0.0,2.0,147.0,0.0,0.4,2.0,0.0,7.0,0
Cleveland-132,Cleveland,51.0,1.0,3.0,94.0,227.0,0.0,0.0,154.0,1.0,0.0,1.0,1.0,7.0,0
Cleveland-133,Cleveland,29.0,1.0,2.0,130.0,204.0,0.0,2.0,202.0,0.0,0.0,1.0,0.0,3.0,0
Cleveland-134,Cleveland,51.0,1.0,4.0,140.0,261.0,0.0,2.0,186.0,1.0,0.0,1.0,0.0,3.0,0
Cleveland-135,Cleveland,43.0,0.0,3.0,122.0,213.0,0.0,0.0,165.0,0.0,0.2,2.0,0.0,3.0,0
Cleveland-136,Cleveland,55.0,0.0,2.0,135.0,250.0,0.0,2.0,161.0,0.0,1.4,2.0,0.0,3.0,0
Cleveland-137,Cleveland,70.0,1.0,4.0,145.0,174.0,0.0,0.0,125.0,1.0,2.6,3.0,0.0,7.0,4
Cleveland-138,Cleveland,62.0,1.0,2.0,120.0,281.0,0.0,2.0,103.0,0.0,1.4,2.0,1.0,7.0,3
Cleveland-139,Cleveland,35.0,1.0,4.0,120.0,198.0,0.0,0.0,130.0,1.0,1.6,2.0,0.0,7.0,1
Cleveland-140,Cleveland,51.0,1.0,3.0,125.0,245.0,1.0,2.0,166.0,0.0,2.4,2.0,0.0,3.0,0
Cleveland-141,Cleveland,59.0,1.0,2.0,140.0,221.0,0.0,0.0,164.0,1.0,0.0,1.0,0.0,3.0,0
Cleveland-142,Cleveland,59.0,1.0,1.0,170.0,288.0,0.0,2.0,159.0,0.0,0.2,2.0,0.0,7.0,1
Cleveland-143,Cleveland,52.0,1.0,2.0,128.0,205.0,1.0,0.0,184.0,0.0,0.0,1.0,0.0,3.0,0
Cleveland-144,Cleveland,64.0,1.0,3.0,125.0,309.0,0.0,0.0,131.0,1.0,1.8,2.0,0.0,7.0,1
Cleveland-145,Cleveland,58.0,1.0,3.0,105.0,240.0,0.0,2.0,154.0,1.0,0.6,2.0,0.0,7.0,0
Cleveland-146,Cleveland,47.0,1.0,3.0,108.0,243.0,0.0,0.0,152.0,0.0,0.0,1.0,0.0,3.0,1
Cleveland-147,Cleveland,57.0,1.0,4.0,165.0,289.0,1.0,2.0,124.0,0.0,1.0,2.0,3.0,7.0,4
Cleveland-148,Cleveland,41.0,1.0,3.0,112.0,250.0,0.0,0.0,179.0,0.0,0.0,1.0,0.0,3.0,0
Cleveland-149,Cleveland,45.0,1.0,2.0,128.0,308.0,0.0,2.0,170.0,0.0,0.0,1.0,0.0,3.0,0
Cleveland-150,Cleveland,60.0,0.0,3.0,102.0,318.0,0.0,0.0,160.0,0.0,0.0,1.0,1.0,3.0,0
Cleveland-151,Cleveland,52.0,1.0,1.0,152.0,298.0,1.0,0.0,178.0,0.0,1.2,2.0,0.0,7.0,0
Cleveland-152,Cleveland,42.0,0.0,4.0,102.0,265.0,0.0,2.0,122.0,0.0,0.6,2.0,0.0,3.0,0
Cleveland-153,Cleveland,67.0,0.0,3.0,115.0,564.0,0.0,2.0,160.0,0.0,1.6,2.0,0.0,7.0,0
Cleveland-154,Cleveland,55.0,1.0,4.0,160.0,289.0,0.0,2.0,145.0,1.0,0.8,2.0,1.0,7.0,4
Cleveland-155,Cleveland,64.0,1.0,4.0,120.0,246.0,0.0,2.0,96.0,1.0,2.2,3.0,1.0,3.0,3
Cleveland-156,Cleveland,70.0,1.0,4.0,130.0,322.0,0.0,2.0,109.0,0.0,2.4,2.0,3.0,3.0,1
Cleveland-157,Cleveland,51.0,1.0,4.0,140.0,299.0,0.0,0.0,173.0,1.0,1.6,1.0,0.0,7.0,1
Cleveland-158,Cleveland,58.0,1.0,4.0,125.0,300.0,0.0,2.0,171.0,0.0,0.0,1.0,2.0,7.0,1
Cleveland-159,Cleveland,60.0,1.0,4.0,140.0,293.0,0.0,2.0,170.0,0.0,1.2,2.0,2.0,7.0,2
Cleveland-160,Cleveland,68.0,1.0,3.0,118.0,277.0,0.0,0.0,151.0,0.0,1.0,1.0,1.0,7.0,0
Cleveland-161,Cleveland,46.0,1.0,2.0,101.0,197.0,1.0,0.0,156.0,0.0,0.0,1.0,0.0,7.0,0
Cleveland-162,Cleveland,77.0,1.0,4.0,125.0,304.0,0.0,2.0,162.0,1.0,0.0,1.0,3.0,3.0,4
Cleveland-163,Cleveland,54.0,0.0,3.0,110.0,214.0,0.0,0.0,158.0,0.0,1.6,2.0,0.0,3.0,0
Cleveland-164,Cleveland,58.0,0.0,4.0,100.0,248.0,0.0,2.0,122.0,0.0,1.0,2.0,0.0,3.0,0
Cleveland-165,Cleveland,48.0,1.0,3.0,124.0,255.0,1.0,0.0,175.0,0.0,0.0,1.0,2.0,3.0,0
Cleveland-166,Cleveland,57.0,1.0,4.0,132.0,207.0,0.0,0.0,168.0,1.0,0.0,1.0,0.0,7.0,0
Cleveland-167,Cleveland,52.0,1.0,3.0,138.0,223.0,0.0,0.0,169.0,0.0,0.0,1.0,,3.0,0
Cleveland-168,Cleveland,54.0,0.0,2.0,132.0,288.0,1.0,2.0,159.0,1.0,0.0,1.0,1.0,3.0,0
Cleveland-169,Cleveland,35.0,1.0,4.0,126.0,282.0,0.0,2.0,156.0,1.0,0.0,1.0,0.0,7.0,1
Cleveland-170,Cleveland,45.0,0.0,2.0,112.0,160.0,0.0,0.0,138.0,0.0,0.0,2.0,0.0,3.0,0
Cleveland-171,Cleveland,70.0,1.0,3.0,160.0,269.0,0.0,0.0,112.0,1.0,2.9,2.0,1.0,7.0,3
Cleveland-172,Cleveland,53.0,1.0,4.0,142.0,226.0,0.0,2.0,111.0,1.0,0.0,1.0,0.0,7.0,0
Cleveland-173,Cleveland,59.0,0.0,4.0,174.0,249.0,0.0,0.0,143.0,1.0,0.0,2.0,0.0,3.0,1
Cleveland-174,Cleveland,62.0,0.0,4.0,140.0,394.0,0.0,2.0,157.0,0.0,1.2,2.0,0.0,3.0,0
Cleveland-175,Cleveland,64.0,1.0,4.0,145.0,212.0,0.0,2.0,132.0,0.0,2.0,2.0,2.0,6.0,4
Cleveland-176,Cleveland,57.0,1.0,4.0,152.0,274.0,0.0,0.0,88.0,1.0,1.2,2.0,1.0,7.0,1
Cleveland-177,Cleveland,52.0,1.0,4.0,108.0,233.0,1.0,0.0,147.0,0.0,0.1,1.0,3.0,7.0,0
Cleveland-178,Cleveland,56.0,1.0,4.0,132.0,184.0,0.0,2.0,105.0,1.0,2.1,2.0,1.0,6.0,1
Cleveland-179,Cleveland,43.0,1.0,3.0,130.0,315.0,0.0,0.0,162.0,0.0,1.9,1.0,1.0,3.0,0
Cleveland-180,Cleveland,53.0,1.0,3.0,130.0,246.0,1.0,2.0,173.0,0.0,0.0,1.0,3.0,3.0,0
Cleveland-181,Cleveland,48.0,1.0,4.0,124.0,274.0,0.0,2.0,166.0,0.0,0.5,2.0,0.0,7.0,3
Cleveland-182,Cleveland,56.0,0.0,4.0,134.0,409.0,0.0,2.0,150.0,1.0,1.9,2.0,2.0,7.0,2
Cleveland-183,Cleveland,42.0,1.0,1.0,148.0,244.0,0.0,2.0,178.0,0.0,0.8,1.0,2.0,3.0,0
Cleveland-184,Cleveland,59.0,1.0,1.0,178.0,270.0,0.0,2.0,145.0,0.0,4.2,3.0,0.0,7.0,0
Cleveland-185,Cleveland,60.0,0.0,4.0,158.0,305.0,0.0,2.0,161.0,0.0,0.0,1.0,0.0,3.0,1
Cleveland-186,Cleveland,63.0,0.0,2.0,140.0,195.0,0.0,0.0,179.0,0.0,0.0,1.0,2.0,3.0,0
Cleveland-187,Cleveland,42.0,1.0,3.0,120.0,240.0,1.0,0.0,194.0,0.0,0.8,3.0,0.0,7.0,0
Cleveland-188,Cleveland,66.0,1.0,2.0,160.0,246.0,0.0,0.0,120.0,1.0,0.0,2.0,3.0,6.0,2
Cleveland-189,Cleveland,54.0,1.0,2.0,192.0,283.0,0.0,2.0,195.0,0.0,0.0,1.0,1.0,7.0,1
Cleveland-190,Cleveland,69.0,1.0,3.0,140.0,254.0,0.0,2.0,146.0,0.0,2.0,2.0,3.0,7.0,2
Cleveland-191,Cleveland,50.0,1.0,3.0,129.0,196.0,0.0,0.0,163.0,0.0,0.0,1.0,0.0,3.0,0
Cleveland-192,Cleveland,51.0,1.0,4.0,140.0,298.0,0.0,0.0,122.0,1.0,4.2,2.0,3.0,7.0,3
Cleveland-193,Cleveland,43.0,1.0,4.0,132.0,247.0,1.0,2.0,143.0,1.0,0.1,2.0,,7.0,1
Cleveland-194,Cleveland,62.0,0.0,4.0,138.0,294.0,1.0,0.0,106.0,0.0,1.9,2.0,3.0,3.0,2
Cleveland-195,Cleveland,68.0,0.0,3.0,120.0,211.0,0.0,2.0,115.0,0.0,1.5,2.0,0.0,3.0,0
Cleveland-196,Cleveland,67.0,1.0,4.0,100.0,299.0,0.0,2.0,125.0,1.0,0.9,2.0,2.0,3.0,3
Cleveland-197,Cleveland,69.0,1.0,1.0,160.0,234.0,1.0,2.0,131.0,0.0,0.1,2.0,1.0,3.0,0
Cleveland-198,Cleveland,45.0,0.0,4.0,138.0,236.0,0.0,2.0,152.0,1.0,0.2,2.0,0.0,3.0,0
Cleveland-199,Cleveland,50.0,0.0,2.0,120.0,244.0,0.0,0.0,162.0,0.0,1.1,1.0,0.0,3.0,0
Cleveland-200,Cleveland,59.0,1.0,1.0,160.0,273.0,0.0,2.0,125.0,0.0,0.0,1.0,0.0,3.0,1
Cleveland-201,Cleveland,50.0,0.0,4.0,110.0,254.0,0.0,2.0,159.0,0.0,0.0,1.0,0.0,3.0,0
Cleveland-202,Cleveland,64.0,0.0,4.0,180.0,325.0,0.0,0.0,154.0,1.0,0.0,1.0,0.0,3.0,0
Cleveland-203,Cleveland,57.0,1.0,3.0,150.0,126.0,1.0,0.0,173.0,0.0,0.2,1.0,1.0,7.0,0
Cleveland-204,Cleveland,64.0,0.0,3.0,140.0,313.0,0.0,0.0,133.0,0.0,0.2,1.0,0.0,7.0,0
Cleveland-205,Cleveland,43.0,1.0,4.0,110.0,211.0,0.0,0.0,161.0,0.0,0.0,1.0,0.0,7.0,0
Cleveland-206,Cleveland,45.0,1.0,4.0,142.0,309.0,0.0,2.0,147.0,1.0,0.0,2.0,3.0,7.0,3
Cleveland-207,Cleveland,58.0,1.0,4.0,128.0,259.0,0.0,2.0,130.0,1.0,3.0,2.0,2.0,7.0,3
Cleveland-208,Cleveland,50.0,1.0,4.0,144.0,200.0,0.0,2.0,126.0,1.0,0.9,2.0,0.0,7.0,3
Cleveland-209,Cleveland,55.0,1.0,2.0,130.0,262.0,0.0,0.0,155.0,0.0,0.0,1.0,0.0,3.0,0
Cleveland-210,Cleveland,62.0,0.0,4.0,150.0,244.0,0.0,0.0,154.0,1.0,1.4,2.0,0.0,3.0,1
Cleveland-211,Cleveland,37.0,0.0,3.0,120.0,215.0,0.0,0.0,170.0,0.0,0.0,1.0,0.0,3.0,0
Cleveland-212,Cleveland,38.0,1.0,1.0,120.0,231.0,0.0,0.0,182.0,1.0,3.8,2.0,0.0,7.0,4
Cleveland-213,Cleveland,41.0,1.0,3.0,130.0,214.0,0.0,2.0,168.0,0.0,2.0,2.0,0.0,3.0,0
Cleveland-214,Cleveland,66.0,0.0,4.0,178.0,228.0,1.0,0.0,165.0,1.0,1.0,2.0,2.0,7.0,3
Cleveland-215,Cleveland,52.0,1.0,4.0,112.0,230.0,0.0,0.0,160.0,0.0,0.0,1.0,1.0,3.0,1
Cleveland-216,Cleveland,56.0,1.0,1.0,120.0,193.0,0.0,2.0,162.0,0.0,1.9,2.0,0.0,7.0,0
Cleveland-217,Cleveland,46.0,0.0,2.0,105.0,204.0,0.0,0.0,172.0,0.0,0.0,1.0,0.0,3.0,0
Cleveland-218,Cleveland,46.0,0.0,4.0,138.0,243.0,0.0,2.0,152.0,1.0,0.0,2.0,0.0,3.0,0
Cleveland-219,Cleveland,64.0,0.0,4.0,130.0,303.0,0.0,0.0,122.0,0.0,2.0,2.0,2.0,3.0,0
Cleveland-220,Cleveland,59.0,1.0,4.0,138.0,271.0,0.0,2.0,182.0,0.0,0.0,1.0,0.0,3.0,0
Cleveland-221,Cleveland,41.0,0.0,3.0,112.0,268.0,0.0,2.0,172.0,1.0,0.0,1.0,0.0,3.0,0
Cleveland-222,Cleveland,54.0,0.0,3.0,108.0,267.0,0.0,2.0,167.0,0.0,0.0,1.0,0.0,3.0,0
Cleveland-223,Cleveland,39.0,0.0,3.0,94.0,199.0,0.0,0.0,179.0,0.0,0.0,1.0,0.0,3.0,0
Cleveland-224,Cleveland,53.0,1.0,4.0,123.0,282.0,0.0,0.0,95.0,1.0,2.0,2.0,2.0,7.0,3
Cleveland-225,Cleveland,63.0,0.0,4.0,108.0,269.0,0.0,0.0,169.0,1.0,1.8,2.0,2.0,3.0,1
Cleveland-226,Cleveland,34.0,0.0,2.0,118.0,210.0,0.0,0.0,192.0,0.0,0.7,1.0,0.0,3.0,0
Cleveland-227,Cleveland,47.0,1.0,4.0,112.0,204.0,0.0,0.0,143.0,0.0,0.1,1.0,0.0,3.0,0
Cleveland-228,Cleveland,67.0,0.0,3.0,152.0,277.0,0.0,0.0,172.0,0.0,0.0,1.0,1.0,3.0,0
Cleveland-229,Cleveland,54.0,1.0,4.0,110.0,206.0,0.0,2.0,108.0,1.0,0.0,2.0,1.0,3.0,3
Cleveland-230,Cleveland,66.0,1.0,4.0,112.0,212.0,0.0,2.0,132.0,1.0,0.1,1.0,1.0,3.0,2
Cleveland-231,Cleveland,52.0,0.0,3.0,136.0,196.0,0.0,2.0,169.0,0.0,0.1,2.0,0.0,3.0,0
Cleveland-232,Cleveland,55.0,0.0,4.0,180.0,327.0,0.0,1.0,117.0,1.0,3.4,2.0,0.0,3.0,2
Cleveland-233,Cleveland,49.0,1.0,3.0,118.0,149.0,0.0,2.0,126.0,0.0,0.8,1.0,3.0,3.0,1
Cleveland-234,Cleveland,74.0,0.0,2.0,120.0,269.0,0.0,2.0,121.0,1.0,0.2,1.0,1.0,3.0,0
Cleveland-235,Cleveland,54.0,0.0,3.0,160.0,201.0,0.0,0.0,163.0,0.0,0.0,1.0,1.0,3.0,0
Cleveland-236,Cleveland,54.0,1.0,4.0,122.0,286.0,0.0,2.0,116.0,1.0,3.2,2.0,2.0,3.0,3
Cleveland-237,Cleveland,56.0,1.0,4.0,130.0,283.0,1.0,2.0,103.0,1.0,1.6,3.0,0.0,7.0,2
Cleveland-238,Cleveland,46.0,1.0,4.0,120.0,249.0,0.0,2.0,144.0,0.0,0.8,1.0,0.0,7.0,1
Cleveland-239,Cleveland,49.0,0.0,2.0,134.0,271.0,0.0,0.0,162.0,0.0,0.0,2.0,0.0,3.0,0
Cleveland-240,Cleveland,42.0,1.0,2.0,120.0,295.0,0.0,0.0,162.0,0.0,0.0,1.0,0.0,3.0,0
Cleveland-241,Cleveland,41.0,1.0,2.0,110.0,235.0,0.0,0.0,153.0,0.0,0.0,1.0,0.0,3.0,0
Cleveland-242,Cleveland,41.0,0.0,2.0,126.0,306.0,0.0,0.0,163.0,0.0,0.0,1.0,0.0,3.0,0
Cleveland-243,Cleveland,49.0,0.0,4.0,130.0,269.0,0.0,0.0,163.0,0.0,0.0,1.0,0.0,3.0,0
Cleveland-244,Cleveland,61.0,1.0,1.0,134.0,234.0,0.0,0.0,145.0,0.0,2.6,2.0,2.0,3.0,2
Cleveland-245,Cleveland,60.0,0.0,3.0,120.0,178.0,1.0,0.0,96.0,0.0,0.0,1.0,0.0,3.0,0
Cleveland-246,Cleveland,67.0,1.0,4.0,120.0,237.0,0.0,0.0,71.0,0.0,1.0,2.0,0.0,3.0,2
Cleveland-247,Cleveland,58.0,1.0,4.0,100.0,234.0,0.0,0.0,156.0,0.0,0.1,1.0,1.0,7.0,2
Cleveland-248,Cleveland,47.0,1.0,4.0,110.0,275.0,0.0,2.0,118.0,1.0,1.0,2.0,1.0,3.0,1
Cleveland-249,Cleveland,52.0,1.0,4.0,125.0,212.0,0.0,0.0,168.0,0.0,1.0,1.0,2.0,7.0,3
Cleveland-250,Cleveland,62.0,1.0,2.0,128.0,208.0,1.0,2.0,140.0,0.0,0.0,1.0,0.0,3.0,0
Cleveland-251,Cleveland,57.0,1.0,4.0,110.0,201.0,0.0,0.0,126.0,1.0,1.5,2.0,0.0,6.0,0
Cleveland-252,Cleveland,58.0,1.0,4.0,146.0,218.0,0.0,0.0,105.0,0.0,2.0,2.0,1.0,7.0,1
Cleveland-253,Cleveland,64.0,1.0,4.0,128.0,263.0,0.0,0.0,105.0,1.0,0.2,2.0,1.0,7.0,0
Cleveland-254,Cleveland,51.0,0.0,3.0,120.0,295.0,0.0,2.0,157.0,0.0,0.6,1.0,0.0,3.0,0
Cleveland-255,Cleveland,43.0,1.0,4.0,115.0,303.0,0.0,0.0,181.0,0.0,1.2,2.0,0.0,3.0,0
Cleveland-256,Cleveland,42.0,0.0,3.0,120.0,209.0,0.0,0.0,173.0,0.0,0.0,2.0,0.0,3.0,0
Cleveland-257,Cleveland,67.0,0.0,4.0,106.0,223.0,0.0,0.0,142.0,0.0,0.3,1.0,2.0,3.0,0
Cleveland-258,Cleveland,76.0,0.0,3.0,140.0,197.0,0.0,1.0,116.0,0.0,1.1,2.0,0.0,3.0,0
Cleveland-259,Cleveland,70.0,1.0,2.0,156.0,245.0,0.0,2.0,143.0,0.0,0.0,1.0,0.0,3.0,0
Cleveland-260,Cleveland,57.0,1.0,2.0,124.0,261.0,0.0,0.0,141.0,0.0,0.3,1.0,0.0,7.0,1
Cleveland-261,Cleveland,44.0,0.0,3.0,118.0,242.0,0.0,0.0,149.0,0.0,0.3,2.0,1.0,3.0,0
Cleveland-262,Cleveland,58.0,0.0,2.0,136.0,319.0,1.0,2.0,152.0,0.0,0.0,1.0,2.0,3.0,3
Cleveland-263,Cleveland,60.0,0.0,1.0,150.0,240.0,0.0,0.0,171.0,0.0,0.9,1.0,0.0,3.0,0
Cleveland-264,Cleveland,44.0,1.0,3.0,120.0,226.0,0.0,0.0,169.0,0.0,0.0,1.0,0.0,3.0,0
Cleveland-265,Cleveland,61.0,1.0,4.0,138.0,166.0,0.0,2.0,125.0,1.0,3.6,2.0,1.0,3.0,4
Cleveland-266,Cleveland,42.0,1.0,4.0,136.0,315.0,0.0,0.0,125.0,1.0,1.8,2.0,0.0,6.0,2
Cleveland-267,Cleveland,52.0,1.0,4.0,128.0,204.0,1.0,0.0,156.0,1.0,1.0,2.0,0.0,,2
Cleveland-268,Cleveland,59.0,1.0,3.0,126.0,218.0,1.0,0.0,134.0,0.0,2.2,2.0,1.0,6.0,2
Cleveland-269,Cleveland,40.0,1.0,4.0,152.0,223.0,0.0,0.0,181.0,0.0,0.0,1.0,0.0,7.0,1
Cleveland-270,Cleveland,42.0,1.0,3.0,130.0,180.0,0.0,0.0,150.0,0.0,0.0,1.0,0.0,3.0,0
Cleveland-271,Cleveland,61.0,1.0,4.0,140.0,207.0,0.0,2.0,138.0,1.0,1.9,1.0,1.0,7.0,1
Cleveland-272,Cleveland,66.0,1.0,4.0,160.0,228.0,0.0,2.0,138.0,0.0,2.3,1.0,0.0,6.0,0
Cleveland-273,Cleveland,46.0,1.0,4.0,140.0,311.0,0.0,0.0,120.0,1.0,1.8,2.0,2.0,7.0,2
Cleveland-274,Cleveland,71.0,0.0,4.0,112.0,149.0,0.0,0.0,125.0,0.0,1.6,2.0,0.0,3.0,0
Cleveland-275,Cleveland,59.0,1.0,1.0,134.0,204.0,0.0,0.0,162.0,0.0,0.8,1.0,2.0,3.0,1
Cleveland-276,Cleveland,64.0,1.0,1.0,170.0,227.0,0.0,2.0,155.0,0.0,0.6,2.0,0.0,7.0,0
Cleveland-277,Cleveland,66.0,0.0,3.0,146.0,278.0,0.0,2.0,152.0,0.0,0.0,2.0,1.0,3.0,0
Cleveland-278,Cleveland,39.0,0.0,3.0,138.0,220.0,0.0,0.0,152.0,0.0,0.0,2.0,0.0,3.0,0
Cleveland-279,Cleveland,57.0,1.0,2.0,154.0,232.0,0.0,2.0,164.0,0.0,0.0,1.0,1.0,3.0,1
Cleveland-280,Cleveland,58.0,0.0,4.0,130.0,197.0,0.0,0.0,131.0,0.0,0.6,2.0,0.0,3.0,0
Cleveland-281,Cleveland,57.0,1.0,4.0,110.0,335.0,0.0,0.0,143.0,1.0,3.0,2.0,1.0,7.0,2
Cleveland-282,Cleveland,47.0,1.0,3.0,130.0,253.0,0.0,0.0,179.0,0.0,0.0,1.0,0.0,3.0,0
Cleveland-283,Cleveland,55.0,0.0,4.0,128.0,205.0,0.0,1.0,130.0,1.0,2.0,2.0,1.0,7.0,3
Cleveland-284,Cleveland,35.0,1.0,2.0,122.0,192.0,0.0,0.0,174.0,0.0,0.0,1.0,0.0,3.0,0
Cleveland-285,Cleveland,61.0,1.0,4.0,148.0,203.0,0.0,0.0,161.0,0.0,0.0,1.0,1.0,7.0,2
Cleveland-286,Cleveland,58.0,1.0,4.0,114.0,318.0,0.0,1.0,140.0,0.0,4.4,3.0,3.0,6.0,4
Cleveland-287,Cleveland,58.0,0.0,4.0,170.0,225.0,1.0,2.0,146.0,1.0,2.8,2.0,2.0,6.0,2
Cleveland-288,Cleveland,58.0,1.0,2.0,125.0,220.0,0.0,0.0,144.0,0.0,0.4,2.0,,7.0,0
Cleveland-289,Cleveland,56.0,1.0,2.0,130.0,221.0,0.0,2.0,163.0,0.0,0.0,1.0,0.0,7.0,0
Cleveland-290,Cleveland,56.0,1.0,2.0,120.0,240.0,0.0,0.0,169.0,0.0,0.0,3.0,0.0,3.0,0
Cleveland-291,Cleveland,67.0,1.0,3.0,152.0,212.0,0.0,2.0,150.0,0.0,0.8,2.0,0.0,7.0,1
Cleveland-292,Cleveland,55.0,0.0,2.0,132.0,342.0,0.0,0.0,166.0,0.0,1.2,1.0,0.0,3.0,0
Cleveland-293,Cleveland,44.0,1.0,4.0,120.0,169.0,0.0,0.0,144.0,1.0,2.8,3.0,0.0,6.0,2
Cleveland-294,Cleveland,63.0,1.0,4.0,140.0,187.0,0.0,2.0,144.0,1.0,4.0,1.0,2.0,7.0,2
Cleveland-295,Cleveland,63.0,0.0,4.0,124.0,197.0,0.0,0.0,136.0,1.0,0.0,2.0,0.0,3.0,1
Cleveland-296,Cleveland,41.0,1.0,2.0,120.0,157.0,0.0,0.0,182.0,0.0,0.0,1.0,0.0,3.0,0
Cleveland-297,Cleveland,59.0,1.0,4.0,164.0,176.0,1.0,2.0,90.0,0.0,1.0,2.0,2.0,6.0,3
Cleveland-298,Cleveland,57.0,0.0,4.0,140.0,241.0,0.0,0.0,123.0,1.0,0.2,2.0,0.0,7.0,1
Cleveland-299,Cleveland,45.0,1.0,1.0,110.0,264.0,0.0,0.0,132.0,0.0,1.2,2.0,0.0,7.0,1
Cleveland-300,Cleveland,68.0,1.0,4.0,144.0,193.0,1.0,0.0,141.0,0.0,3.4,2.0,2.0,7.0,2
Cleveland-301,Cleveland,57.0,1.0,4.0,130.0,131.0,0.0,0.0,115.0,1.0,1.2,2.0,1.0,7.0,3
Cleveland-302,Cleveland,57.0,0.0,2.0,130.0,236.0,0.0,2.0,174.0,0.0,0.0,2.0,1.0,3.0,1
Cleveland-303,Cleveland,38.0,1.0,3.0,138.0,175.0,0.0,0.0,173.0,0.0,0.0,1.0,,3.0,0
Hungary-001,Hungary,28.0,1.0,2.0,130.0,132.0,0.0,2.0,185.0,0.0,0.0,,,,0
Hungary-002,Hungary,29.0,1.0,2.0,120.0,243.0,0.0,0.0,160.0,0.0,0.0,,,,0
Hungary-003,Hungary,29.0,1.0,2.0,140.0,,0.0,0.0,170.0,0.0,0.0,,,,0
Hungary-004,Hungary,30.0,0.0,1.0,170.0,237.0,0.0,1.0,170.0,0.0,0.0,,,6.0,0
Hungary-005,Hungary,31.0,0.0,2.0,100.0,219.0,0.0,1.0,150.0,0.0,0.0,,,,0
Hungary-006,Hungary,32.0,0.0,2.0,105.0,198.0,0.0,0.0,165.0,0.0,0.0,,,,0
Hungary-007,Hungary,32.0,1.0,2.0,110.0,225.0,0.0,0.0,184.0,0.0,0.0,,,,0
Hungary-008,Hungary,32.0,1.0,2.0,125.0,254.0,0.0,0.0,155.0,0.0,0.0,,,,0
Hungary-009,Hungary,33.0,1.0,3.0,120.0,298.0,0.0,0.0,185.0,0.0,0.0,,,,0
Hungary-010,Hungary,34.0,0.0,2.0,130.0,161.0,0.0,0.0,190.0,0.0,0.0,,,,0
Hungary-011,Hungary,34.0,1.0,2.0,150.0,214.0,0.0,1.0,168.0,0.0,0.0,,,,0
Hungary-012,Hungary,34.0,1.0,2.0,98.0,220.0,0.0,0.0,150.0,0.0,0.0,,,,0
Hungary-013,Hungary,35.0,0.0,1.0,120.0,160.0,0.0,1.0,185.0,0.0,0.0,,,,0
Hungary-014,Hungary,35.0,0.0,4.0,140.0,167.0,0.0,0.0,150.0,0.0,0.0,,,,0
Hungary-015,Hungary,35.0,1.0,2.0,120.0,308.0,0.0,2.0,180.0,0.0,0.0,,,,0
Hungary-016,Hungary,35.0,1.0,2.0,150.0,264.0,0.0,0.0,168.0,0.0,0.0,,,,0
Hungary-017,Hungary,36.0,1.0,2.0,120.0,166.0,0.0,0.0,180.0,0.0,0.0,,,,0
Hungary-018,Hungary,36.0,1.0,3.0,112.0,340.0,0.0,0.0,184.0,0.0,1.0,2.0,,3.0,0
Hungary-019,Hungary,36.0,1.0,3.0,130.0,209.0,0.0,0.0,178.0,0.0,0.0,,,,0
Hungary-020,Hungary,36.0,1.0,3.0,150.0,160.0,0.0,0.0,172.0,0.0,0.0,,,,0
Hungary-021,Hungary,37.0,0.0,2.0,120.0,260.0,0.0,0.0,130.0,0.0,0.0,,,,0
Hungary-022,Hungary,37.0,0.0,3.0,130.0,211.0,0.0,0.0,142.0,0.0,0.0,,,,0
Hungary-023,Hungary,37.0,0.0,4.0,130.0,173.0,0.0,1.0,184.0,0.0,0.0,,,,0
Hungary-024,Hungary,37.0,1.0,2.0,130.0,283.0,0.0,1.0,98.0,0.0,0.0,,,,0
Hungary-025,Hungary,37.0,1.0,3.0,130.0,194.0,0.0,0.0,150.0,0.0,0.0,,,,0
Hungary-026,Hungary,37.0,1.0,4.0,120.0,223.0,0.0,0.0,168.0,0.0,0.0,,,3.0,0
Hungary-027,Hungary,37.0,1.0,4.0,130.0,315.0,0.0,0.0,158.0,0.0,0.0,,,,0
Hungary-028,Hungary,38.0,0.0,2.0,120.0,275.0,,0.0,129.0,0.0,0.0,,,,0
Hungary-029,Hungary,38.0,1.0,2.0,140.0,297.0,0.0,0.0,150.0,0.0,0.0,,,,0
Hungary-030,Hungary,38.0,1.0,3.0,145.0,292.0,0.0,0.0,130.0,0.0,0.0,,,,0
Hungary-031,Hungary,39.0,0.0,3.0,110.0,182.0,0.0,1.0,180.0,0.0,0.0,,,,0
Hungary-032,Hungary,39.0,1.0,2.0,120.0,,0.0,1.0,146.0,0.0,2.0,1.0,,,0
Hungary-033,Hungary,39.0,1.0,2.0,120.0,200.0,0.0,0.0,160.0,1.0,1.0,2.0,,,0
Hungary-034,Hungary,39.0,1.0,2.0,120.0,204.0,0.0,0.0,145.0,0.0,0.0,,,,0
Hungary-035,Hungary,39.0,1.0,2.0,130.0,,0.0,0.0,120.0,0.0,0.0,,,,0
Hungary-036,Hungary,39.0,1.0,2.0,190.0,241.0,0.0,0.0,106.0,0.0,0.0,,,,0
Hungary-037,Hungary,39.0,1.0,3.0,120.0,339.0,0.0,0.0,170.0,0.0,0.0,,,,0
Hungary-038,Hungary,39.0,1.0,3.0,160.0,147.0,1.0,0.0,160.0,0.0,0.0,,,,0
Hungary-039,Hungary,39.0,1.0,4.0,110.0,273.0,0.0,0.0,132.0,0.0,0.0,,,,0
Hungary-040,Hungary,39.0,1.0,4.0,130.0,307.0,0.0,0.0,140.0,0.0,0.0,,,,0
Hungary-041,Hungary,40.0,1.0,2.0,130.0,275.0,0.0,0.0,150.0,0.0,0.0,,,,0
Hungary-042,Hungary,40.0,1.0,2.0,140.0,289.0,0.0,0.0,172.0,0.0,0.0,,,,0
Hungary-043,Hungary,40.0,1.0,3.0,130.0,215.0,0.0,0.0,138.0,0.0,0.0,,,,0
Hungary-044,Hungary,40.0,1.0,3.0,130.0,281.0,0.0,0.0,167.0,0.0,0.0,,,,0
Hungary-045,Hungary,40.0,1.0,3.0,140.0,,0.0,0.0,188.0,0.0,0.0,,,,0
Hungary-046,Hungary,41.0,0.0,2.0,110.0,250.0,0.0,1.0,142.0,0.0,0.0,,,,0
Hungary-047,Hungary,41.0,0.0,2.0,125.0,184.0,0.0,0.0,180.0,0.0,0.0,,,,0
Hungary-048,Hungary,41.0,0.0,2.0,130.0,245.0,0.0,0.0,150.0,0.0,0.0,,,,0
Hungary-049,Hungary,41.0,1.0,2.0,120.0,291.0,0.0,1.0,160.0,0.0,0.0,,,,0
Hungary-050,Hungary,41.0,1.0,2.0,120.0,295.0,0.0,0.0,170.0,0.0,0.0,,,,0
Hungary-051,Hungary,41.0,1.0,2.0,125.0,269.0,0.0,0.0,144.0,0.0,0.0,,,,0
Hungary-052,Hungary,41.0,1.0,4.0,112.0,250.0,0.0,0.0,142.0,0.0,0.0,,,,0
Hungary-053,Hungary,42.0,0.0,3.0,115.0,211.0,0.0,1.0,137.0,0.0,0.0,,,,0
Hungary-054,Hungary,42.0,1.0,2.0,120.0,196.0,0.0,0.0,150.0,0.0,0.0,,,,0
Hungary-055,Hungary,42.0,1.0,2.0,120.0,198.0,0.0,0.0,155.0,0.0,0.0,,,,0
Hungary-056,Hungary,42.0,1.0,2.0,150.0,268.0,0.0,0.0,136.0,0.0,0.0,,,,0
Hungary-057,Hungary,42.0,1.0,3.0,120.0,228.0,0.0,0.0,152.0,1.0,1.5,2.0,,,0
Hungary-058,Hungary,42.0,1.0,3.0,160.0,147.0,0.0,0.0,146.0,0.0,0.0,,,,0
Hungary-059,Hungary,42.0,1.0,4.0,140.0,358.0,0.0,0.0,170.0,0.0,0.0,,,,0
Hungary-060,Hungary,43.0,0.0,1.0,100.0,223.0,0.0,0.0,142.0,0.0,0.0,,,,0
Hungary-061,Hungary,43.0,0.0,2.0,120.0,201.0,0.0,0.0,165.0,0.0,0.0,,,,0
Hungary-062,Hungary,43.0,0.0,2.0,120.0,215.0,0.0,1.0,175.0,0.0,0.0,,,,0
Hungary-063,Hungary,43.0,0.0,2.0,120.0,249.0,0.0,1.0,176.0,0.0,0.0,,,,0
Hungary-064,Hungary,43.0,0.0,2.0,120.0,266.0,0.0,0.0,118.0,0.0,0.0,,,,0
Hungary-065,Hungary,43.0,0.0,2.0,150.0,186.0,0.0,0.0,154.0,0.0,0.0,,,,0
Hungary-066,Hungary,43.0,0.0,3.0,150.0,,0.0,0.0,175.0,0.0,0.0,,,3.0,0
Hungary-067,Hungary,43.0,1.0,2.0,142.0,207.0,0.0,0.0,138.0,0.0,0.0,,,,0
Hungary-068,Hungary,44.0,0.0,4.0,120.0,218.0,0.0,1.0,115.0,0.0,0.0,,,,0
Hungary-069,Hungary,44.0,1.0,2.0,120.0,184.0,0.0,0.0,142.0,0.0,1.0,2.0,,,0
Hungary-070,Hungary,44.0,1.0,2.0,130.0,215.0,0.0,0.0,135.0,0.0,0.0,,,,0
Hungary-071,Hungary,44.0,1.0,4.0,150.0,412.0,0.0,0.0,170.0,0.0,0.0,,,,0
Hungary-072,Hungary,45.0,0.0,2.0,130.0,237.0,0.0,0.0,170.0,0.0,0.0,,,,0
Hungary-073,Hungary,45.0,0.0,2.0,180.0,,0.0,0.0,180.0,0.0,0.0,,,,0
Hungary-074,Hungary,45.0,0.0,4.0,132.0,297.0,0.0,0.0,144.0,0.0,0.0,,,,0
Hungary-075,Hungary,45.0,1.0,2.0,140.0,224.0,1.0,0.0,122.0,0.0,0.0,,,,0
Hungary-076,Hungary,45.0,1.0,3.0,135.0,,0.0,0.0,110.0,0.0,0.0,,,,0
Hungary-077,Hungary,45.0,1.0,4.0,120.0,225.0,0.0,0.0,140.0,0.0,0.0,,,,0
Hungary-078,Hungary,45.0,1.0,4.0,140.0,224.0,0.0,0.0,144.0,0.0,0.0,,,,0
Hungary-079,Hungary,46.0,0.0,4.0,130.0,238.0,0.0,0.0,90.0,0.0,0.0,,,,0
Hungary-080,Hungary,46.0,1.0,2.0,140.0,275.0,0.0,0.0,165.0,1.0,0.0,,,,0
Hungary-081,Hungary,46.0,1.0,3.0,120.0,230.0,0.0,0.0,150.0,0.0,0.0,,,,0
Hungary-082,Hungary,46.0,1.0,3.0,150.0,163.0,,0.0,116.0,0.0,0.0,,,,0
Hungary-083,Hungary,46.0,1.0,4.0,110.0,238.0,0.0,1.0,140.0,1.0,1.0,2.0,,3.0,0
Hungary-084,Hungary,46.0,1.0,4.0,110.0,240.0,0.0,1.0,140.0,0.0,0.0,,,3.0,0
Hungary-085,Hungary,46.0,1.0,4.0,180.0,280.0,0.0,1.0,120.0,0.0,0.0,,,,0
Hungary-086,Hungary,47.0,0.0,2.0,140.0,257.0,0.0,0.0,135.0,0.0,1.0,1.0,,,0
Hungary-087,Hungary,47.0,0.0,3.0,130.0,,0.0,0.0,145.0,0.0,2.0,2.0,,,0
Hungary-088,Hungary,47.0,1.0,1.0,110.0,249.0,0.0,0.0,150.0,0.0,0.0,,,,0
Hungary-089,Hungary,47.0,1.0,2.0,160.0,263.0,0.0,0.0,174.0,0.0,0.0,,,,0
Hungary-090,Hungary,47.0,1.0,4.0,140.0,276.0,1.0,0.0,125.0,1.0,0.0,,,,0
Hungary-091,Hungary,48.0,0.0,2.0,,308.0,0.0,1.0,,,2.0,1.0,,,0
Hungary-092,Hungary,48.0,0.0,2.0,120.0,,1.0,1.0,148.0,0.0,0.0,,,,0
Hungary-093,Hungary,48.0,0.0,2.0,120.0,284.0,0.0,0.0,120.0,0.0,0.0,,,,0
Hungary-094,Hungary,48.0,0.0,3.0,120.0,195.0,0.0,0.0,125.0,0.0,0.0,,,,0
Hungary-095,Hungary,48.0,0.0,4.0,108.0,163.0,0.0,0.0,175.0,0.0,2.0,1.0,,,0
Hungary-096,Hungary,48.0,0.0,4.0,120.0,254.0,0.0,1.0,110.0,0.0,0.0,,,,0
Hungary-097,Hungary,48.0,0.0,4.0,150.0,227.0,0.0,0.0,130.0,1.0,1.0,2.0,,,0
Hungary-098,Hungary,48.0,1.0,2.0,100.0,,0.0,0.0,100.0,0.0,0.0,,,,0
Hungary-099,Hungary,48.0,1.0,2.0,130.0,245.0,0.0,0.0,160.0,0.0,0.0,,,,0
Hungary-100,Hungary,48.0,1.0,2.0,140.0,238.0,0.0,0.0,118.0,0.0,0.0,,,,0
Hungary-101,Hungary,48.0,1.0,3.0,110.0,211.0,0.0,0.0,138.0,0.0,0.0,,,6.0,0
Hungary-102,Hungary,49.0,0.0,2.0,110.0,,0.0,0.0,160.0,0.0,0.0,,,,0
Hungary-103,Hungary,49.0,0.0,2.0,110.0,,0.0,0.0,160.0,0.0,0.0,,,,0
Hungary-104,Hungary,49.0,0.0,2.0,124.0,201.0,0.0,0.0,164.0,0.0,0.0,,,,0
Hungary-105,Hungary,49.0,0.0,3.0,130.0,207.0,0.0,1.0,135.0,0.0,0.0,,,,0
Hungary-106,Hungary,49.0,1.0,2.0,100.0,253.0,0.0,0.0,174.0,0.0,0.0,,,,0
Hungary-107,Hungary,49.0,1.0,3.0,140.0,187.0,0.0,0.0,172.0,0.0,0.0,,,,0
Hungary-108,Hungary,49.0,1.0,4.0,120.0,297.0,,0.0,132.0,0.0,1.0,2.0,,,0
Hungary-109,Hungary,49.0,1.0,4.0,140.0,,0.0,0.0,130.0,0.0,0.0,,,,0
Hungary-110,Hungary,50.0,0.0,2.0,110.0,202.0,0.0,0.0,145.0,0.0,0.0,,,,0
Hungary-111,Hungary,50.0,0.0,4.0,120.0,328.0,0.0,0.0,110.0,1.0,1.0,2.0,,,0
Hungary-112,Hungary,50.0,1.0,2.0,120.0,168.0,0.0,0.0,160.0,0.0,0.0,,0.0,,0
Hungary-113,Hungary,50.0,1.0,2.0,140.0,216.0,0.0,0.0,170.0,0.0,0.0,,,3.0,0
Hungary-114,Hungary,50.0,1.0,2.0,170.0,209.0,0.0,1.0,116.0,0.0,0.0,,,,0
Hungary-115,Hungary,50.0,1.0,4.0,140.0,129.0,0.0,0.0,135.0,0.0,0.0,,,,0
Hungary-116,Hungary,50.0,1.0,4.0,150.0,215.0,0.0,0.0,140.0,1.0,0.0,,,,0
Hungary-117,Hungary,51.0,0.0,2.0,160.0,194.0,0.0,0.0,170.0,0.0,0.0,,,,0
Hungary-118,Hungary,51.0,0.0,3.0,110.0,190.0,0.0,0.0,120.0,0.0,0.0,,,,0
Hungary-119,Hungary,51.0,0.0,3.0,130.0,220.0,0.0,0.0,160.0,1.0,2.0,1.0,,,0
Hungary-120,Hungary,51.0,0.0,3.0,150.0,200.0,0.0,0.0,120.0,0.0,0.5,1.0,,,0
Hungary-121,Hungary,51.0,1.0,2.0,125.0,188.0,0.0,0.0,145.0,0.0,0.0,,,,0
Hungary-122,Hungary,51.0,1.0,2.0,130.0,224.0,0.0,0.0,150.0,0.0,0.0,,,,0
Hungary-123,Hungary,51.0,1.0,4.0,130.0,179.0,0.0,0.0,100.0,0.0,0.0,,,7.0,0
Hungary-124,Hungary,52.0,0.0,2.0,120.0,210.0,0.0,0.0,148.0,0.0,0.0,,,,0
Hungary-125,Hungary,52.0,0.0,2.0,140.0,,0.0,0.0,140.0,0.0,0.0,,,,0
Hungary-126,Hungary,52.0,0.0,3.0,125.0,272.0,0.0,0.0,139.0,0.0,0.0,,,,0
Hungary-127,Hungary,52.0,0.0,4.0,130.0,180.0,0.0,0.0,140.0,1.0,1.5,2.0,,,0
Hungary-128,Hungary,52.0,1.0,2.0,120.0,284.0,0.0,0.0,118.0,0.0,0.0,,,,0
Hungary-129,Hungary,52.0,1.0,2.0,140.0,100.0,0.0,0.0,138.0,1.0,0.0,,,,0
Hungary-130,Hungary,52.0,1.0,2.0,160.0,196.0,0.0,0.0,165.0,0.0,0.0,,,,0
Hungary-131,Hungary,52.0,1.0,3.0,140.0,259.0,0.0,1.0,170.0,0.0,0.0,,,,0
Hungary-132,Hungary,53.0,0.0,2.0,113.0,468.0,,0.0,127.0,0.0,0.0,,,,0
Hungary-133,Hungary,53.0,0.0,2.0,140.0,216.0,0.0,0.0,142.0,1.0,2.0,2.0,,,0
Hungary-134,Hungary,53.0,0.0,3.0,120.0,274.0,0.0,0.0,130.0,0.0,0.0,,,,0
Hungary-135,Hungary,53.0,1.0,2.0,120.0,,0.0,0.0,132.0,0.0,0.0,,,,0
Hungary-136,Hungary,53.0,1.0,2.0,140.0,320.0,0.0,0.0,162.0,0.0,0.0,,,,0
Hungary-137,Hungary,53.0,1.0,3.0,120.0,195.0,0.0,0.0,140.0,0.0,0.0,,,,0
Hungary-138,Hungary,53.0,1.0,4.0,124.0,260.0,0.0,1.0,112.0,1.0,3.0,2.0,,,0
Hungary-139,Hungary,53.0,1.0,4.0,130.0,182.0,0.0,0.0,148.0,0.0,0.0,,,,0
Hungary-140,Hungary,53.0,1.0,4.0,140.0,243.0,0.0,0.0,155.0,0.0,0.0,,,,0
Hungary-141,Hungary,54.0,0.0,2.0,120.0,221.0,0.0,0.0,138.0,0.0,1.0,1.0,,,0
Hungary-142,Hungary,54.0,0.0,2.0,120.0,230.0,1.0,0.0,140.0,0.0,0.0,,,,0
Hungary-143,Hungary,54.0,0.0,2.0,120.0,273.0,0.0,0.0,150.0,0.0,1.5,2.0,,,0
Hungary-144,Hungary,54.0,0.0,2.0,130.0,253.0,0.0,1.0,155.0,0.0,0.0,,,,0
Hungary-145,Hungary,54.0,0.0,2.0,140.0,309.0,,1.0,140.0,0.0,0.0,,,,0
Hungary-146,Hungary,54.0,0.0,2.0,150.0,230.0,0.0,0.0,130.0,0.0,0.0,,,,0
Hungary-147,Hungary,54.0,0.0,2.0,160.0,312.0,0.0,0.0,130.0,0.0,0.0,,,,0
Hungary-148,Hungary,54.0,1.0,1.0,120.0,171.0,0.0,0.0,137.0,0.0,2.0,1.0,,,0
Hungary-149,Hungary,54.0,1.0,2.0,110.0,208.0,0.0,0.0,142.0,0.0,0.0,,,,0
Hungary-150,Hungary,54.0,1.0,2.0,120.0,238.0,0.0,0.0,154.0,0.0,0.0,,,,0
Hungary-151,Hungary,54.0,1.0,2.0,120.0,246.0,0.0,0.0,110.0,0.0,0.0,,,,0
Hungary-152,Hungary,54.0,1.0,2.0,160.0,195.0,0.0,1.0,130.0,0.0,1.0,1.0,,,0
Hungary-153,Hungary,54.0,1.0,2.0,160.0,305.0,0.0,0.0,175.0,0.0,0.0,,,,0
Hungary-154,Hungary,54.0,1.0,3.0,120.0,217.0,0.0,0.0,137.0,0.0,0.0,,,,0
Hungary-155,Hungary,54.0,1.0,3.0,150.0,,0.0,0.0,122.0,0.0,0.0,,,,0
Hungary-156,Hungary,54.0,1.0,4.0,150.0,365.0,0.0,1.0,134.0,0.0,1.0,1.0,,,0
Hungary-157,Hungary,55.0,0.0,2.0,110.0,344.0,0.0,1.0,160.0,0.0,0.0,,,,0
Hungary-158,Hungary,55.0,0.0,2.0,122.0,320.0,0.0,0.0,155.0,0.0,0.0,,,,0
Hungary-159,Hungary,55.0,0.0,2.0,130.0,394.0,0.0,2.0,150.0,0.0,0.0,,,,0
Hungary-160,Hungary,55.0,1.0,2.0,120.0,256.0,1.0,0.0,137.0,0.0,0.0,,,7.0,0
Hungary-161,Hungary,55.0,1.0,2.0,140.0,196.0,0.0,0.0,150.0,0.0,0.0,,,7.0,0
Hungary-162,Hungary,55.0,1.0,2.0,145.0,326.0,0.0,0.0,155.0,0.0,0.0,,,,0
Hungary-163,Hungary,55.0,1.0,3.0,110.0,277.0,0.0,0.0,160.0,0.0,0.0,,,,0
Hungary-164,Hungary,55.0,1.0,3.0,120.0,220.0,0.0,2.0,134.0,0.0,0.0,,,,0
Hungary-165,Hungary,55.0,1.0,4.0,120.0,270.0,0.0,0.0,140.0,0.0,0.0,,,,0
Hungary-166,Hungary,55.0,1.0,4.0,140.0,229.0,0.0,0.0,110.0,1.0,0.5,2.0,,,0
Hungary-167,Hungary,56.0,0.0,3.0,130.0,219.0,,1.0,164.0,0.0,0.0,,,7.0,0
Hungary-168,Hungary,56.0,1.0,2.0,130.0,184.0,0.0,0.0,100.0,0.0,0.0,,,,0
Hungary-169,Hungary,56.0,1.0,3.0,130.0,,0.0,0.0,114.0,0.0,0.0,,,,0
Hungary-170,Hungary,56.0,1.0,3.0,130.0,276.0,0.0,0.0,128.0,1.0,1.0,1.0,,6.0,0
Hungary-171,Hungary,56.0,1.0,4.0,120.0,85.0,0.0,0.0,140.0,0.0,0.0,,,,0
Hungary-172,Hungary,57.0,0.0,1.0,130.0,308.0,0.0,0.0,98.0,0.0,1.0,2.0,,,0
Hungary-173,Hungary,57.0,0.0,4.0,180.0,347.0,0.0,1.0,126.0,1.0,0.8,2.0,,,0
Hungary-174,Hungary,57.0,1.0,2.0,140.0,260.0,1.0,0.0,140.0,0.0,0.0,,,6.0,0
Hungary-175,Hungary,58.0,1.0,2.0,130.0,230.0,0.0,0.0,150.0,0.0,0.0,,,,0
Hungary-176,Hungary,58.0,1.0,2.0,130.0,251.0,0.0,0.0,110.0,0.0,0.0,,,,0
Hungary-177,Hungary,58.0,1.0,3.0,140.0,179.0,0.0,0.0,160.0,0.0,0.0,,,,0
Hungary-178,Hungary,58.0,1.0,4.0,135.0,222.0,0.0,0.0,100.0,0.0,0.0,,,,0
Hungary-179,Hungary,59.0,0.0,2.0,130.0,188.0,0.0,0.0,124.0,0.0,1.0,2.0,,,0
Hungary-180,Hungary,59.0,1.0,2.0,140.0,287.0,0.0,0.0,150.0,0.0,0.0,,,,0
Hungary-181,Hungary,59.0,1.0,3.0,130.0,318.0,0.0,0.0,120.0,1.0,1.0,2.0,,3.0,0
Hungary-182,Hungary,59.0,1.0,3.0,180.0,213.0,0.0,0.0,100.0,0.0,0.0,,,,0
Hungary-183,Hungary,59.0,1.0,4.0,140.0,,0.0,0.0,140.0,0.0,0.0,,0.0,,0
Hungary-184,Hungary,60.0,1.0,3.0,120.0,246.0,0.0,2.0,135.0,0.0,0.0,,,,0
Hungary-185,Hungary,61.0,0.0,4.0,130.0,294.0,0.0,1.0,120.0,1.0,1.0,2.0,,,0
Hungary-186,Hungary,61.0,1.0,4.0,125.0,292.0,0.0,1.0,115.0,1.0,0.0,,,,0
Hungary-187,Hungary,62.0,0.0,1.0,160.0,193.0,0.0,0.0,116.0,0.0,0.0,,,,0
Hungary-188,Hungary,62.0,1.0,2.0,140.0,271.0,0.0,0.0,152.0,0.0,1.0,1.0,,,0
Hungary-189,Hungary,31.0,1.0,4.0,120.0,270.0,0.0,0.0,153.0,1.0,1.5,2.0,,,1
Hungary-190,Hungary,33.0,0.0,4.0,100.0,246.0,0.0,0.0,150.0,1.0,1.0,2.0,,,1
Hungary-191,Hungary,34.0,1.0,1.0,140.0,156.0,0.0,0.0,180.0,0.0,0.0,,,,1
Hungary-192,Hungary,35.0,1.0,2.0,110.0,257.0,0.0,0.0,140.0,0.0,0.0,,,,1
Hungary-193,Hungary,36.0,1.0,2.0,120.0,267.0,0.0,0.0,160.0,0.0,3.0,2.0,,,1
Hungary-194,Hungary,37.0,1.0,4.0,140.0,207.0,0.0,0.0,130.0,1.0,1.5,2.0,,,1
Hungary-195,Hungary,38.0,1.0,4.0,110.0,196.0,0.0,0.0,166.0,0.0,0.0,,,,1
Hungary-196,Hungary,38.0,1.0,4.0,120.0,282.0,0.0,0.0,170.0,0.0,0.0,,,,1
Hungary-197,Hungary,38.0,1.0,4.0,92.0,117.0,0.0,0.0,134.0,1.0,2.5,2.0,,,1
Hungary-198,Hungary,40.0,1.0,4.0,120.0,466.0,,0.0,152.0,1.0,1.0,2.0,,6.0,1
Hungary-199,Hungary,41.0,1.0,4.0,110.0,289.0,0.0,0.0,170.0,0.0,0.0,,,6.0,1
Hungary-200,Hungary,41.0,1.0,4.0,120.0,237.0,,0.0,138.0,1.0,1.0,2.0,,,1
Hungary-201,Hungary,43.0,1.0,4.0,150.0,247.0,0.0,0.0,130.0,1.0,2.0,2.0,,,1
Hungary-202,Hungary,46.0,1.0,4.0,110.0,202.0,0.0,0.0,150.0,1.0,0.0,,,,1
Hungary-203,Hungary,46.0,1.0,4.0,118.0,186.0,0.0,0.0,124.0,0.0,0.0,,,7.0,1
Hungary-204,Hungary,46.0,1.0,4.0,120.0,277.0,0.0,0.0,125.0,1.0,1.0,2.0,,,1
Hungary-205,Hungary,47.0,1.0,3.0,140.0,193.0,0.0,0.0,145.0,1.0,1.0,2.0,,,1
Hungary-206,Hungary,47.0,1.0,4.0,150.0,226.0,0.0,0.0,98.0,1.0,1.5,2.0,0.0,7.0,1
Hungary-207,Hungary,48.0,1.0,4.0,106.0,263.0,1.0,0.0,110.0,0.0,0.0,,,,1
Hungary-208,Hungary,48.0,1.0,4.0,120.0,260.0,0.0,0.0,115.0,0.0,2.0,2.0,,,1
Hungary-209,Hungary,48.0,1.0,4.0,160.0,268.0,0.0,0.0,103.0,1.0,1.0,2.0,,,1
Hungary-210,Hungary,49.0,0.0,3.0,160.0,180.0,0.0,0.0,156.0,0.0,1.0,2.0,,,1
Hungary-211,Hungary,49.0,1.0,3.0,115.0,265.0,0.0,0.0,175.0,0.0,0.0,,,,1
Hungary-212,Hungary,49.0,1.0,4.0,130.0,206.0,0.0,0.0,170.0,0.0,0.0,,,,1
Hungary-213,Hungary,50.0,0.0,3.0,140.0,288.0,0.0,0.0,140.0,1.0,0.0,,,7.0,1
Hungary-214,Hungary,50.0,1.0,4.0,145.0,264.0,0.0,0.0,150.0,0.0,0.0,,,,1
Hungary-215,Hungary,51.0,0.0,4.0,160.0,303.0,0.0,0.0,150.0,1.0,1.0,2.0,,,1
Hungary-216,Hungary,52.0,1.0,4.0,130.0,225.0,0.0,0.0,120.0,1.0,2.0,2.0,,,1
Hungary-217,Hungary,54.0,1.0,4.0,125.0,216.0,0.0,0.0,140.0,0.0,0.0,,,,1
Hungary-218,Hungary,54.0,1.0,4.0,125.0,224.0,0.0,0.0,122.0,0.0,2.0,2.0,,,1
Hungary-219,Hungary,55.0,1.0,4.0,140.0,201.0,0.0,0.0,130.0,1.0,3.0,2.0,,,1
Hungary-220,Hungary,57.0,1.0,2.0,140.0,265.0,0.0,1.0,145.0,1.0,1.0,2.0,,,1
Hungary-221,Hungary,58.0,1.0,3.0,130.0,213.0,0.0,1.0,140.0,0.0,0.0,,,6.0,1
Hungary-222,Hungary,59.0,0.0,4.0,130.0,338.0,1.0,1.0,130.0,1.0,1.5,2.0,,,1
Hungary-223,Hungary,60.0,1.0,4.0,100.0,248.0,0.0,0.0,125.0,0.0,1.0,2.0,,,1
Hungary-224,Hungary,63.0,1.0,4.0,150.0,223.0,0.0,0.0,115.0,0.0,0.0,,,,1
Hungary-225,Hungary,65.0,1.0,4.0,140.0,306.0,1.0,0.0,87.0,1.0,1.5,2.0,,,1
Hungary-226,Hungary,32.0,1.0,4.0,118.0,529.0,0.0,0.0,130.0,0.0,0.0,,,,1
Hungary-227,Hungary,38.0,1.0,4.0,110.0,,0.0,0.0,150.0,1.0,1.0,2.0,,,1
Hungary-228,Hungary,39.0,1.0,4.0,110.0,280.0,0.0,0.0,150.0,0.0,0.0,,,6.0,1
Hungary-229,Hungary,40.0,0.0,4.0,150.0,392.0,0.0,0.0,130.0,0.0,2.0,2.0,,6.0,1
Hungary-230,Hungary,43.0,1.0,1.0,120.0,291.0,0.0,1.0,155.0,0.0,0.0,,,,1
Hungary-231,Hungary,45.0,1.0,4.0,130.0,219.0,0.0,1.0,130.0,1.0,1.0,2.0,,,1
Hungary-232,Hungary,46.0,1.0,4.0,120.0,231.0,0.0,0.0,115.0,1.0,0.0,,,,1
Hungary-233,Hungary,46.0,1.0,4.0,130.0,222.0,0.0,0.0,112.0,0.0,0.0,,,,1
Hungary-234,Hungary,48.0,1.0,4.0,122.0,275.0,1.0,1.0,150.0,1.0,2.0,3.0,,,1
Hungary-235,Hungary,48.0,1.0,4.0,160.0,193.0,0.0,0.0,102.0,1.0,3.0,2.0,,,1
Hungary-236,Hungary,48.0,1.0,4.0,160.0,329.0,0.0,0.0,92.0,1.0,1.5,2.0,,,1
Hungary-237,Hungary,48.0,1.0,4.0,160.0,355.0,0.0,0.0,99.0,1.0,2.0,2.0,,,1
Hungary-238,Hungary,50.0,1.0,4.0,130.0,233.0,0.0,0.0,121.0,1.0,2.0,2.0,,7.0,1
Hungary-239,Hungary,52.0,1.0,4.0,120.0,182.0,0.0,0.0,150.0,0.0,0.0,,,,1
Hungary-240,Hungary,52.0,1.0,4.0,170.0,,0.0,0.0,126.0,1.0,1.5,2.0,,,1
Hungary-241,Hungary,53.0,1.0,4.0,120.0,246.0,0.0,0.0,116.0,1.0,0.0,,,,1
Hungary-242,Hungary,54.0,1.0,3.0,120.0,237.0,0.0,0.0,150.0,1.0,1.5,,,7.0,1
Hungary-243,Hungary,54.0,1.0,4.0,130.0,242.0,0.0,0.0,91.0,1.0,1.0,2.0,,,1
Hungary-244,Hungary,54.0,1.0,4.0,130.0,603.0,1.0,0.0,125.0,1.0,1.0,2.0,,,1
Hungary-245,Hungary,54.0,1.0,4.0,140.0,,0.0,0.0,118.0,1.0,0.0,,,,1
Hungary-246,Hungary,54.0,1.0,4.0,200.0,198.0,0.0,0.0,142.0,1.0,2.0,2.0,,,1
Hungary-247,Hungary,55.0,1.0,4.0,140.0,268.0,0.0,0.0,128.0,1.0,1.5,2.0,,,1
Hungary-248,Hungary,56.0,1.0,4.0,150.0,213.0,1.0,0.0,125.0,1.0,1.0,2.0,,,1
Hungary-249,Hungary,57.0,1.0,4.0,150.0,255.0,0.0,0.0,92.0,1.0,3.0,2.0,,,1
Hungary-250,Hungary,58.0,1.0,3.0,160.0,211.0,1.0,1.0,92.0,0.0,0.0,,,,1
Hungary-251,Hungary,58.0,1.0,4.0,130.0,263.0,0.0,0.0,140.0,1.0,2.0,2.0,,,1
Hungary-252,Hungary,41.0,1.0,4.0,130.0,172.0,0.0,1.0,130.0,0.0,2.0,2.0,,,1
Hungary-253,Hungary,43.0,1.0,4.0,120.0,175.0,0.0,0.0,120.0,1.0,1.0,2.0,,7.0,1
Hungary-254,Hungary,44.0,1.0,2.0,150.0,288.0,0.0,0.0,150.0,1.0,3.0,2.0,,,1
Hungary-255,Hungary,44.0,1.0,4.0,130.0,290.0,0.0,0.0,100.0,1.0,2.0,2.0,,,1
Hungary-256,Hungary,46.0,1.0,1.0,140.0,272.0,1.0,0.0,175.0,0.0,2.0,2.0,,,1
Hungary-257,Hungary,47.0,0.0,3.0,135.0,248.0,1.0,0.0,170.0,0.0,0.0,,,,1
Hungary-258,Hungary,48.0,0.0,4.0,138.0,214.0,0.0,0.0,108.0,1.0,1.5,2.0,,,1
Hungary-259,Hungary,49.0,1.0,4.0,130.0,341.0,0.0,0.0,120.0,1.0,1.0,2.0,,,1
Hungary-260,Hungary,49.0,1.0,4.0,140.0,234.0,0.0,0.0,140.0,1.0,1.0,2.0,,,1
Hungary-261,Hungary,51.0,1.0,3.0,135.0,160.0,0.0,0.0,150.0,0.0,2.0,2.0,,,1
Hungary-262,Hungary,52.0,1.0,4.0,112.0,342.0,0.0,1.0,96.0,1.0,1.0,2.0,,,1
Hungary-263,Hungary,52.0,1.0,4.0,130.0,298.0,0.0,0.0,110.0,1.0,1.0,2.0,,,1
Hungary-264,Hungary,52.0,1.0,4.0,140.0,404.0,0.0,0.0,124.0,1.0,2.0,2.0,,,1
Hungary-265,Hungary,52.0,1.0,4.0,160.0,246.0,0.0,1.0,82.0,1.0,4.0,2.0,,,1
Hungary-266,Hungary,53.0,1.0,3.0,145.0,518.0,0.0,0.0,130.0,0.0,0.0,,,,1
Hungary-267,Hungary,53.0,1.0,4.0,180.0,285.0,0.0,1.0,120.0,1.0,1.5,2.0,,,1
Hungary-268,Hungary,54.0,1.0,4.0,140.0,216.0,0.0,0.0,105.0,0.0,1.5,2.0,,,1
Hungary-269,Hungary,55.0,1.0,1.0,140.0,295.0,0.0,,136.0,0.0,0.0,,,,1
Hungary-270,Hungary,55.0,1.0,2.0,160.0,292.0,1.0,0.0,143.0,1.0,2.0,2.0,,,1
Hungary-271,Hungary,55.0,1.0,4.0,145.0,248.0,0.0,0.0,96.0,1.0,2.0,2.0,,,1
Hungary-272,Hungary,56.0,0.0,2.0,120.0,279.0,0.0,0.0,150.0,0.0,1.0,2.0,,,1
Hungary-273,Hungary,56.0,1.0,4.0,150.0,230.0,0.0,1.0,124.0,1.0,1.5,2.0,,,1
Hungary-274,Hungary,56.0,1.0,4.0,170.0,388.0,0.0,1.0,122.0,1.0,2.0,2.0,,,1
Hungary-275,Hungary,58.0,1.0,2.0,136.0,164.0,0.0,1.0,99.0,1.0,2.0,2.0,,,1
Hungary-276,Hungary,59.0,1.0,4.0,130.0,,0.0,0.0,125.0,0.0,0.0,,,,1
Hungary-277,Hungary,59.0,1.0,4.0,140.0,264.0,1.0,2.0,119.0,1.0,0.0,,,,1
Hungary-278,Hungary,65.0,1.0,4.0,170.0,263.0,1.0,0.0,112.0,1.0,2.0,2.0,,,1
Hungary-279,Hungary,66.0,1.0,4.0,140.0,,0.0,0.0,94.0,1.0,1.0,2.0,,,1
Hungary-280,Hungary,41.0,1.0,4.0,120.0,336.0,0.0,0.0,118.0,1.0,3.0,2.0,,,1
Hungary-281,Hungary,43.0,1.0,4.0,140.0,288.0,0.0,0.0,135.0,1.0,2.0,2.0,,,1
Hungary-282,Hungary,44.0,1.0,4.0,135.0,491.0,0.0,0.0,135.0,0.0,0.0,,,,1
Hungary-283,Hungary,47.0,0.0,4.0,120.0,205.0,0.0,0.0,98.0,1.0,2.0,2.0,,6.0,1
Hungary-284,Hungary,47.0,1.0,4.0,160.0,291.0,0.0,1.0,158.0,1.0,3.0,2.0,,,1
Hungary-285,Hungary,49.0,1.0,4.0,128.0,212.0,0.0,0.0,96.0,1.0,0.0,,,,1
Hungary-286,Hungary,49.0,1.0,4.0,150.0,222.0,0.0,0.0,122.0,0.0,2.0,2.0,,,1
Hungary-287,Hungary,50.0,1.0,4.0,140.0,231.0,0.0,1.0,140.0,1.0,5.0,2.0,,,1
Hungary-288,Hungary,50.0,1.0,4.0,140.0,341.0,0.0,1.0,125.0,1.0,2.5,2.0,,,1
Hungary-289,Hungary,52.0,1.0,4.0,140.0,266.0,0.0,0.0,134.0,1.0,2.0,2.0,,,1
Hungary-290,Hungary,52.0,1.0,4.0,160.0,331.0,0.0,0.0,94.0,1.0,2.5,,,,1
Hungary-291,Hungary,54.0,0.0,3.0,130.0,294.0,0.0,1.0,100.0,1.0,0.0,2.0,,,1
Hungary-292,Hungary,56.0,1.0,4.0,155.0,342.0,1.0,0.0,150.0,1.0,3.0,2.0,,,1
Hungary-293,Hungary,58.0,0.0,2.0,180.0,393.0,0.0,0.0,110.0,1.0,1.0,2.0,,7.0,1
Hungary-294,Hungary,65.0,1.0,4.0,130.0,275.0,0.0,1.0,115.0,1.0,1.0,2.0,,,1
Switzerland-001,Switzerland,32.0,1.0,1.0,95.0,0.0,,0.0,127.0,0.0,0.7,1.0,,,1
Switzerland-002,Switzerland,34.0,1.0,4.0,115.0,0.0,,,154.0,0.0,0.2,1.0,,,1
Switzerland-003,Switzerland,35.0,1.0,4.0,,0.0,,0.0,130.0,1.0,,,,7.0,3
Switzerland-004,Switzerland,36.0,1.0,4.0,110.0,0.0,,0.0,125.0,1.0,1.0,2.0,,6.0,1
Switzerland-005,Switzerland,38.0,0.0,4.0,105.0,0.0,,0.0,166.0,0.0,2.8,1.0,,,2
Switzerland-006,Switzerland,38.0,0.0,4.0,110.0,0.0,0.0,0.0,156.0,0.0,0.0,2.0,,3.0,1
Switzerland-007,Switzerland,38.0,1.0,3.0,100.0,0.0,,0.0,179.0,0.0,-1.1,1.0,,,0
Switzerland-008,Switzerland,38.0,1.0,3.0,115.0,0.0,0.0,0.0,128.0,1.0,0.0,2.0,,7.0,1
Switzerland-009,Switzerland,38.0,1.0,4.0,135.0,0.0,,0.0,150.0,0.0,0.0,,,3.0,2
Switzerland-010,Switzerland,38.0,1.0,4.0,150.0,0.0,,0.0,120.0,1.0,,,,3.0,1
Switzerland-011,Switzerland,40.0,1.0,4.0,95.0,0.0,,1.0,144.0,0.0,0.0,1.0,,,2
Switzerland-012,Switzerland,41.0,1.0,4.0,125.0,0.0,,0.0,176.0,0.0,1.6,1.0,,,2
Switzerland-013,Switzerland,42.0,1.0,4.0,105.0,0.0,,0.0,128.0,1.0,-1.5,3.0,,,1
Switzerland-014,Switzerland,42.0,1.0,4.0,145.0,0.0,0.0,0.0,99.0,1.0,0.0,2.0,,,2
Switzerland-015,Switzerland,43.0,1.0,4.0,100.0,0.0,,0.0,122.0,0.0,1.5,3.0,,,3
Switzerland-016,Switzerland,43.0,1.0,4.0,115.0,0.0,0.0,0.0,145.0,1.0,2.0,2.0,,7.0,4
Switzerland-017,Switzerland,43.0,1.0,4.0,140.0,0.0,0.0,1.0,140.0,1.0,0.5,1.0,,7.0,2
Switzerland-018,Switzerland,45.0,1.0,3.0,110.0,0.0,,0.0,138.0,0.0,-0.1,1.0,,,0
Switzerland-019,Switzerland,46.0,1.0,4.0,100.0,0.0,,1.0,133.0,0.0,-2.6,2.0,,,1
Switzerland-020,Switzerland,46.0,1.0,4.0,115.0,0.0,0.0,0.0,113.0,1.0,1.5,2.0,,7.0,1
Switzerland-021,Switzerland,47.0,1.0,3.0,110.0,0.0,,0.0,120.0,1.0,0.0,,,3.0,1
Switzerland-022,Switzerland,47.0,1.0,3.0,155.0,0.0,0.0,0.0,118.0,1.0,1.0,2.0,,3.0,3
Switzerland-023,Switzerland,47.0,1.0,4.0,110.0,0.0,,1.0,149.0,0.0,2.1,1.0,,,2
Switzerland-024,Switzerland,47.0,1.0,4.0,160.0,0.0,0.0,0.0,124.0,1.0,0.0,2.0,,7.0,1
Switzerland-025,Switzerland,48.0,1.0,4.0,115.0,0.0,,0.0,128.0,0.0,0.0,2.0,,6.0,2
Switzerland-026,Switzerland,50.0,0.0,4.0,160.0,0.0,,0.0,110.0,0.0,0.0,,,3.0,1
Switzerland-027,Switzerland,50.0,1.0,4.0,115.0,0.0,0.0,0.0,120.0,1.0,0.5,2.0,,6.0,3
Switzerland-028,Switzerland,50.0,1.0,4.0,120.0,0.0,0.0,1.0,156.0,1.0,0.0,1.0,,6.0,3
Switzerland-029,Switzerland,50.0,1.0,4.0,145.0,0.0,,0.0,139.0,1.0,0.7,2.0,,,1
Switzerland-030,Switzerland,51.0,0.0,4.0,120.0,0.0,,0.0,127.0,1.0,1.5,1.0,,,2
Switzerland-031,Switzerland,51.0,1.0,4.0,110.0,0.0,,0.0,92.0,0.0,0.0,2.0,,,4
Switzerland-032,Switzerland,51.0,1.0,4.0,120.0,0.0,1.0,0.0,104.0,0.0,0.0,2.0,,3.0,3
Switzerland-033,Switzerland,51.0,1.0,4.0,130.0,0.0,,0.0,170.0,0.0,-0.7,1.0,,,2
Switzerland-034,Switzerland,51.0,1.0,4.0,130.0,0.0,,1.0,163.0,0.0,0.0,,,7.0,1
Switzerland-035,Switzerland,51.0,1.0,4.0,140.0,0.0,0.0,0.0,60.0,0.0,0.0,2.0,,3.0,2
Switzerland-036,Switzerland,51.0,1.0,4.0,95.0,0.0,,0.0,126.0,0.0,2.2,2.0,,,2
Switzerland-037,Switzerland,52.0,1.0,4.0,130.0,0.0,,0.0,120.0,0.0,0.0,2.0,,7.0,2
Switzerland-038,Switzerland,52.0,1.0,4.0,135.0,0.0,,0.0,128.0,1.0,2.0,2.0,,7.0,2
Switzerland-039,Switzerland,52.0,1.0,4.0,165.0,0.0,,0.0,122.0,1.0,1.0,1.0,,7.0,2
Switzerland-040,Switzerland,52.0,1.0,4.0,95.0,0.0,,0.0,82.0,1.0,,,,,2
Switzerland-041,Switzerland,53.0,1.0,2.0,120.0,0.0,0.0,0.0,95.0,0.0,0.0,2.0,,3.0,3
Switzerland-042,Switzerland,53.0,1.0,2.0,130.0,0.0,,1.0,120.0,0.0,0.7,3.0,,,0
Switzerland-043,Switzerland,53.0,1.0,3.0,105.0,0.0,0.0,0.0,115.0,0.0,0.0,2.0,,7.0,1
Switzerland-044,Switzerland,53.0,1.0,3.0,160.0,0.0,,2.0,122.0,1.0,0.0,,,7.0,1
Switzerland-045,Switzerland,53.0,1.0,4.0,120.0,0.0,,0.0,120.0,0.0,0.0,2.0,,7.0,1
Switzerland-046,Switzerland,53.0,1.0,4.0,125.0,0.0,,0.0,120.0,0.0,1.5,1.0,,,4
Switzerland-047,Switzerland,53.0,1.0,4.0,130.0,0.0,0.0,2.0,135.0,1.0,1.0,2.0,,7.0,2
Switzerland-048,Switzerland,53.0,1.0,4.0,80.0,0.0,,0.0,141.0,1.0,2.0,3.0,,,0
Switzerland-049,Switzerland,54.0,1.0,4.0,120.0,0.0,0.0,0.0,155.0,0.0,0.0,2.0,,7.0,2
Switzerland-050,Switzerland,54.0,1.0,4.0,130.0,0.0,,0.0,110.0,1.0,3.0,2.0,,7.0,3
Switzerland-051,Switzerland,54.0,1.0,4.0,180.0,0.0,,0.0,150.0,0.0,1.5,2.0,,7.0,1
Switzerland-052,Switzerland,55.0,1.0,2.0,140.0,0.0,,1.0,150.0,0.0,0.2,1.0,,,0
Switzerland-053,Switzerland,55.0,1.0,4.0,115.0,0.0,,0.0,155.0,0.0,0.1,2.0,,,1
Switzerland-054,Switzerland,55.0,1.0,4.0,120.0,0.0,0.0,1.0,92.0,0.0,0.3,1.0,,7.0,4
Switzerland-055,Switzerland,55.0,1.0,4.0,140.0,0.0,0.0,0.0,83.0,0.0,0.0,2.0,,7.0,2
Switzerland-056,Switzerland,56.0,1.0,3.0,120.0,0.0,0.0,0.0,97.0,0.0,0.0,2.0,,7.0,0
Switzerland-057,Switzerland,56.0,1.0,3.0,125.0,0.0,,0.0,98.0,0.0,-2.0,2.0,,7.0,2
Switzerland-058,Switzerland,56.0,1.0,3.0,155.0,0.0,0.0,1.0,99.0,0.0,0.0,2.0,,3.0,2
Switzerland-059,Switzerland,56.0,1.0,4.0,115.0,0.0,,1.0,82.0,0.0,-1.0,1.0,,,1
Switzerland-060,Switzerland,56.0,1.0,4.0,120.0,0.0,0.0,1.0,100.0,1.0,-1.0,3.0,,7.0,2
Switzerland-061,Switzerland,56.0,1.0,4.0,120.0,0.0,0.0,1.0,148.0,0.0,0.0,2.0,,,2
Switzerland-062,Switzerland,56.0,1.0,4.0,125.0,0.0,1.0,0.0,103.0,1.0,1.0,2.0,,7.0,3
Switzerland-063,Switzerland,56.0,1.0,4.0,140.0,0.0,,0.0,121.0,1.0,1.8,1.0,,,1
Switzerland-064,Switzerland,57.0,1.0,3.0,105.0,0.0,,0.0,148.0,0.0,0.3,2.0,,,1
Switzerland-065,Switzerland,57.0,1.0,4.0,110.0,0.0,,1.0,131.0,1.0,1.4,1.0,1.0,,3
Switzerland-066,Switzerland,57.0,1.0,4.0,140.0,0.0,0.0,0.0,120.0,1.0,2.0,2.0,,6.0,2
Switzerland-067,Switzerland,57.0,1.0,4.0,140.0,0.0,,0.0,100.0,1.0,0.0,,,6.0,3
Switzerland-068,Switzerland,57.0,1.0,4.0,160.0,0.0,,0.0,98.0,1.0,2.0,2.0,,7.0,2
Switzerland-069,Switzerland,57.0,1.0,4.0,95.0,0.0,,0.0,182.0,0.0,0.7,3.0,,,1
Switzerland-070,Switzerland,58.0,1.0,4.0,115.0,0.0,,0.0,138.0,0.0,0.5,1.0,,,1
Switzerland-071,Switzerland,58.0,1.0,4.0,130.0,0.0,0.0,1.0,100.0,1.0,1.0,2.0,,6.0,4
Switzerland-072,Switzerland,58.0,1.0,4.0,170.0,0.0,,1.0,105.0,1.0,0.0,,,3.0,1
Switzerland-073,Switzerland,59.0,1.0,3.0,125.0,0.0,,0.0,175.0,0.0,2.6,2.0,,,1
Switzerland-074,Switzerland,59.0,1.0,4.0,110.0,0.0,,0.0,94.0,0.0,0.0,,,6.0,3
Switzerland-075,Switzerland,59.0,1.0,4.0,120.0,0.0,0.0,0.0,115.0,0.0,0.0,2.0,,3.0,2
Switzerland-076,Switzerland,59.0,1.0,4.0,125.0,0.0,,0.0,119.0,1.0,0.9,1.0,,,1
Switzerland-077,Switzerland,59.0,1.0,4.0,135.0,0.0,0.0,0.0,115.0,1.0,1.0,2.0,,7.0,1
Switzerland-078,Switzerland,60.0,1.0,3.0,115.0,0.0,,0.0,143.0,0.0,2.4,1.0,,,1
Switzerland-079,Switzerland,60.0,1.0,4.0,125.0,0.0,,0.0,110.0,0.0,0.1,1.0,2.0,,3
Switzerland-080,Switzerland,60.0,1.0,4.0,130.0,0.0,,1.0,130.0,1.0,1.1,3.0,1.0,,1
Switzerland-081,Switzerland,60.0,1.0,4.0,135.0,0.0,0.0,0.0,63.0,1.0,0.5,1.0,,7.0,3
Switzerland-082,Switzerland,60.0,1.0,4.0,160.0,0.0,0.0,1.0,99.0,1.0,0.5,2.0,,7.0,3
Switzerland-083,Switzerland,60.0,1.0,4.0,160.0,0.0,,0.0,149.0,0.0,0.4,2.0,,,1
Switzerland-084,Switzerland,61.0,1.0,3.0,200.0,0.0,,1.0,70.0,0.0,0.0,,,3.0,3
Switzerland-085,Switzerland,61.0,1.0,4.0,105.0,0.0,,0.0,110.0,1.0,1.5,1.0,,,1
Switzerland-086,Switzerland,61.0,1.0,4.0,110.0,0.0,,0.0,113.0,0.0,1.4,2.0,,,1
Switzerland-087,Switzerland,61.0,1.0,4.0,125.0,0.0,0.0,0.0,105.0,1.0,0.0,3.0,,7.0,3
Switzerland-088,Switzerland,61.0,1.0,4.0,130.0,0.0,0.0,2.0,115.0,0.0,0.0,2.0,,7.0,3
Switzerland-089,Switzerland,61.0,1.0,4.0,130.0,0.0,,0.0,77.0,0.0,2.5,2.0,,,3
Switzerland-090,Switzerland,61.0,1.0,4.0,150.0,0.0,0.0,0.0,105.0,1.0,0.0,2.0,,7.0,1
Switzerland-091,Switzerland,61.0,1.0,4.0,150.0,0.0,0.0,0.0,117.0,1.0,2.0,2.0,,7.0,2
Switzerland-092,Switzerland,61.0,1.0,4.0,160.0,0.0,1.0,1.0,145.0,0.0,1.0,2.0,,7.0,2
Switzerland-093,Switzerland,62.0,0.0,1.0,140.0,0.0,,0.0,143.0,0.0,0.0,,,3.0,2
Switzerland-094,Switzerland,62.0,0.0,4.0,120.0,0.0,,1.0,123.0,1.0,1.7,3.0,,,1
Switzerland-095,Switzerland,62.0,1.0,1.0,120.0,0.0,,2.0,134.0,0.0,-0.8,2.0,2.0,,1
Switzerland-096,Switzerland,62.0,1.0,3.0,160.0,0.0,0.0,0.0,72.0,1.0,0.0,2.0,,3.0,3
Switzerland-097,Switzerland,62.0,1.0,4.0,115.0,0.0,,0.0,128.0,1.0,2.5,3.0,,,2
Switzerland-098,Switzerland,62.0,1.0,4.0,115.0,0.0,,0.0,72.0,1.0,-0.5,2.0,,3.0,1
Switzerland-099,Switzerland,62.0,1.0,4.0,150.0,0.0,,1.0,78.0,0.0,2.0,2.0,,7.0,3
Switzerland-100,Switzerland,63.0,1.0,4.0,100.0,0.0,,0.0,109.0,0.0,-0.9,2.0,,,1
Switzerland-101,Switzerland,63.0,1.0,4.0,140.0,0.0,,2.0,149.0,0.0,2.0,1.0,,,2
Switzerland-102,Switzerland,63.0,1.0,4.0,150.0,0.0,0.0,0.0,86.0,1.0,2.0,2.0,,,3
Switzerland-103,Switzerland,63.0,1.0,4.0,150.0,0.0,,1.0,154.0,0.0,3.7,1.0,,,3
Switzerland-104,Switzerland,63.0,1.0,4.0,185.0,0.0,0.0,0.0,98.0,1.0,0.0,1.0,,7.0,1
Switzerland-105,Switzerland,64.0,0.0,4.0,200.0,0.0,0.0,0.0,140.0,1.0,1.0,2.0,,3.0,3
Switzerland-106,Switzerland,64.0,0.0,4.0,95.0,0.0,,0.0,145.0,0.0,1.1,3.0,,,1
Switzerland-107,Switzerland,64.0,1.0,4.0,110.0,0.0,,0.0,114.0,1.0,1.3,3.0,,,1
Switzerland-108,Switzerland,65.0,1.0,4.0,115.0,0.0,0.0,0.0,93.0,1.0,0.0,2.0,,7.0,1
Switzerland-109,Switzerland,65.0,1.0,4.0,145.0,0.0,,1.0,67.0,0.0,,,,6.0,3
Switzerland-110,Switzerland,65.0,1.0,4.0,155.0,0.0,,0.0,154.0,0.0,1.0,1.0,,,0
Switzerland-111,Switzerland,65.0,1.0,4.0,160.0,0.0,1.0,1.0,122.0,0.0,,,,7.0,3
Switzerland-112,Switzerland,66.0,0.0,4.0,155.0,0.0,,0.0,90.0,0.0,0.0,,,7.0,1
Switzerland-113,Switzerland,66.0,1.0,4.0,150.0,0.0,0.0,0.0,108.0,1.0,2.0,2.0,,7.0,3
Switzerland-114,Switzerland,67.0,1.0,1.0,145.0,0.0,0.0,2.0,125.0,0.0,0.0,2.0,,3.0,2
Switzerland-115,Switzerland,68.0,1.0,4.0,135.0,0.0,0.0,1.0,120.0,1.0,0.0,1.0,,7.0,3
Switzerland-116,Switzerland,68.0,1.0,4.0,145.0,0.0,,0.0,136.0,0.0,1.8,1.0,,,1
Switzerland-117,Switzerland,69.0,1.0,4.0,135.0,0.0,0.0,0.0,130.0,0.0,0.0,2.0,,6.0,1
Switzerland-118,Switzerland,69.0,1.0,4.0,,0.0,0.0,1.0,,,,,,7.0,3
Switzerland-119,Switzerland,70.0,1.0,4.0,115.0,0.0,0.0,1.0,92.0,1.0,0.0,2.0,,7.0,1
Switzerland-120,Switzerland,70.0,1.0,4.0,140.0,0.0,1.0,0.0,157.0,1.0,2.0,2.0,,7.0,3
Switzerland-121,Switzerland,72.0,1.0,3.0,160.0,0.0,,2.0,114.0,0.0,1.6,2.0,2.0,,0
Switzerland-122,Switzerland,73.0,0.0,3.0,160.0,0.0,0.0,1.0,121.0,0.0,0.0,1.0,,3.0,1
Switzerland-123,Switzerland,74.0,1.0,2.0,145.0,0.0,,1.0,123.0,0.0,1.3,1.0,,,1
VA-Long-Beach-001,VA Long Beach,63.0,1.0,4.0,140.0,260.0,0.0,1.0,112.0,1.0,3.0,2.0,,,2
VA-Long-Beach-002,VA Long Beach,44.0,1.0,4.0,130.0,209.0,0.0,1.0,127.0,0.0,0.0,,,,0
VA-Long-Beach-003,VA Long Beach,60.0,1.0,4.0,132.0,218.0,0.0,1.0,140.0,1.0,1.5,3.0,,,2
VA-Long-Beach-004,VA Long Beach,55.0,1.0,4.0,142.0,228.0,0.0,1.0,149.0,1.0,2.5,1.0,,,1
VA-Long-Beach-005,VA Long Beach,66.0,1.0,3.0,110.0,213.0,1.0,2.0,99.0,1.0,1.3,2.0,,,0
VA-Long-Beach-006,VA Long Beach,66.0,1.0,3.0,120.0,0.0,0.0,1.0,120.0,0.0,-0.5,1.0,,,0
VA-Long-Beach-007,VA Long Beach,65.0,1.0,4.0,150.0,236.0,1.0,1.0,105.0,1.0,0.0,,,,3
VA-Long-Beach-008,VA Long Beach,60.0,1.0,3.0,180.0,0.0,0.0,1.0,140.0,1.0,1.5,2.0,,,0
VA-Long-Beach-009,VA Long Beach,60.0,1.0,3.0,120.0,0.0,,0.0,141.0,1.0,2.0,1.0,,,3
VA-Long-Beach-010,VA Long Beach,60.0,1.0,2.0,160.0,267.0,1.0,1.0,157.0,0.0,0.5,2.0,,,1
VA-Long-Beach-011,VA Long Beach,56.0,1.0,2.0,126.0,166.0,0.0,1.0,140.0,0.0,0.0,,,,0
VA-Long-Beach-012,VA Long Beach,59.0,1.0,4.0,140.0,0.0,0.0,1.0,117.0,1.0,1.0,2.0,,,1
VA-Long-Beach-013,VA Long Beach,62.0,1.0,4.0,110.0,0.0,0.0,0.0,120.0,1.0,0.5,2.0,,3.0,1
VA-Long-Beach-014,VA Long Beach,63.0,1.0,3.0,,0.0,0.0,2.0,,,,,,,1
VA-Long-Beach-015,VA Long Beach,57.0,1.0,4.0,128.0,0.0,1.0,1.0,148.0,1.0,1.0,2.0,,,1
VA-Long-Beach-016,VA Long Beach,62.0,1.0,4.0,120.0,220.0,0.0,1.0,86.0,0.0,0.0,,,,0
VA-Long-Beach-017,VA Long Beach,63.0,1.0,4.0,170.0,177.0,0.0,0.0,84.0,1.0,2.5,3.0,,,4
VA-Long-Beach-018,VA Long Beach,46.0,1.0,4.0,110.0,236.0,0.0,0.0,125.0,1.0,2.0,2.0,,,1
VA-Long-Beach-019,VA Long Beach,63.0,1.0,4.0,126.0,0.0,0.0,1.0,120.0,0.0,1.5,3.0,,,0
VA-Long-Beach-020,VA Long Beach,60.0,1.0,4.0,152.0,0.0,0.0,1.0,118.0,1.0,0.0,,,7.0,0
VA-Long-Beach-021,VA Long Beach,58.0,1.0,4.0,116.0,0.0,0.0,0.0,124.0,0.0,1.0,1.0,,,2
VA-Long-Beach-022,VA Long Beach,64.0,1.0,4.0,120.0,0.0,1.0,1.0,106.0,0.0,2.0,2.0,,,1
VA-Long-Beach-023,VA Long Beach,63.0,1.0,3.0,130.0,0.0,0.0,1.0,111.0,1.0,0.0,,,,3
VA-Long-Beach-024,VA Long Beach,74.0,1.0,3.0,,0.0,0.0,0.0,,,,,,,0
VA-Long-Beach-025,VA Long Beach,52.0,1.0,3.0,128.0,0.0,0.0,1.0,180.0,0.0,3.0,1.0,,,2
VA-Long-Beach-026,VA Long Beach,69.0,1.0,4.0,130.0,0.0,1.0,1.0,129.0,0.0,1.0,2.0,,6.0,2
VA-Long-Beach-027,VA Long Beach,51.0,1.0,4.0,,0.0,1.0,1.0,,,,,,,2
VA-Long-Beach-028,VA Long Beach,60.0,1.0,4.0,130.0,186.0,1.0,1.0,140.0,1.0,0.5,2.0,,,1
VA-Long-Beach-029,VA Long Beach,56.0,1.0,4.0,120.0,100.0,0.0,0.0,120.0,1.0,1.5,2.0,0.0,7.0,1
VA-Long-Beach-030,VA Long Beach,55.0,1.0,3.0,,228.0,0.0,1.0,,,,,,,3
VA-Long-Beach-031,VA Long Beach,54.0,1.0,4.0,,0.0,0.0,1.0,,,,,,,3
VA-Long-Beach-032,VA Long Beach,77.0,1.0,4.0,124.0,171.0,0.0,1.0,110.0,1.0,2.0,1.0,,,3
VA-Long-Beach-033,VA Long Beach,63.0,1.0,4.0,160.0,230.0,1.0,0.0,105.0,1.0,1.0,2.0,,,3
VA-Long-Beach-034,VA Long Beach,55.0,1.0,3.0,0.0,0.0,0.0,0.0,155.0,0.0,1.5,2.0,,,3
VA-Long-Beach-035,VA Long Beach,52.0,1.0,3.0,122.0,0.0,0.0,0.0,110.0,1.0,2.0,3.0,,,2
VA-Long-Beach-036,VA Long Beach,64.0,1.0,4.0,144.0,0.0,0.0,1.0,122.0,1.0,1.0,2.0,,,3
VA-Long-Beach-037,VA Long Beach,60.0,1.0,4.0,,281.0,0.0,1.0,,,,,,,2
VA-Long-Beach-038,VA Long Beach,60.0,1.0,4.0,120.0,0.0,0.0,0.0,133.0,1.0,2.0,1.0,,7.0,0
VA-Long-Beach-039,VA Long Beach,58.0,1.0,4.0,,203.0,1.0,0.0,,,,,,,1
VA-Long-Beach-040,VA Long Beach,59.0,1.0,4.0,154.0,0.0,0.0,1.0,131.0,1.0,1.5,,0.0,,0
VA-Long-Beach-041,VA Long Beach,61.0,1.0,3.0,120.0,0.0,0.0,0.0,80.0,1.0,0.0,2.0,,,3
VA-Long-Beach-042,VA Long Beach,40.0,1.0,4.0,125.0,0.0,1.0,0.0,165.0,0.0,0.0,,,7.0,1
VA-Long-Beach-043,VA Long Beach,61.0,1.0,4.0,,0.0,1.0,1.0,86.0,0.0,1.5,2.0,,7.0,3
VA-Long-Beach-044,VA Long Beach,41.0,1.0,4.0,104.0,0.0,0.0,1.0,111.0,0.0,0.0,,,,0
VA-Long-Beach-045,VA Long Beach,57.0,1.0,4.0,,277.0,1.0,1.0,,,,,,,4
VA-Long-Beach-046,VA Long Beach,63.0,1.0,4.0,136.0,0.0,0.0,0.0,84.0,1.0,0.0,,,7.0,2
VA-Long-Beach-047,VA Long Beach,59.0,1.0,4.0,122.0,233.0,0.0,0.0,117.0,1.0,1.3,3.0,,,1
VA-Long-Beach-048,VA Long Beach,51.0,1.0,4.0,128.0,0.0,0.0,0.0,107.0,0.0,0.0,,,,0
VA-Long-Beach-049,VA Long Beach,59.0,1.0,3.0,,0.0,0.0,0.0,128.0,1.0,2.0,3.0,,,2
VA-Long-Beach-050,VA Long Beach,42.0,1.0,3.0,134.0,240.0,,0.0,160.0,0.0,0.0,,,,0
VA-Long-Beach-051,VA Long Beach,55.0,1.0,3.0,120.0,0.0,0.0,1.0,125.0,1.0,2.5,2.0,,7.0,1
VA-Long-Beach-052,VA Long Beach,63.0,0.0,2.0,,0.0,0.0,0.0,,,,,,,0
VA-Long-Beach-053,VA Long Beach,62.0,1.0,4.0,152.0,153.0,0.0,1.0,97.0,1.0,1.6,1.0,,7.0,2
VA-Long-Beach-054,VA Long Beach,56.0,1.0,2.0,124.0,224.0,1.0,0.0,161.0,0.0,2.0,2.0,,,0
VA-Long-Beach-055,VA Long Beach,53.0,1.0,4.0,126.0,0.0,0.0,0.0,106.0,0.0,0.0,,,,1
VA-Long-Beach-056,VA Long Beach,68.0,1.0,4.0,138.0,0.0,0.0,0.0,130.0,1.0,3.0,2.0,,,2
VA-Long-Beach-057,VA Long Beach,53.0,1.0,4.0,154.0,0.0,,1.0,140.0,1.0,1.5,2.0,,,2
VA-Long-Beach-058,VA Long Beach,60.0,1.0,3.0,,316.0,1.0,1.0,,,,,,,3
VA-Long-Beach-059,VA Long Beach,62.0,1.0,2.0,,0.0,0.0,0.0,,,,,,,0
VA-Long-Beach-060,VA Long Beach,59.0,1.0,4.0,178.0,0.0,1.0,2.0,120.0,1.0,0.0,,,7.0,1
VA-Long-Beach-061,VA Long Beach,51.0,1.0,4.0,,218.0,1.0,2.0,,,,,,,0
VA-Long-Beach-062,VA Long Beach,61.0,1.0,4.0,110.0,0.0,,0.0,108.0,1.0,2.0,3.0,,,2
VA-Long-Beach-063,VA Long Beach,57.0,1.0,4.0,130.0,311.0,,1.0,148.0,1.0,2.0,2.0,,,1
VA-Long-Beach-064,VA Long Beach,56.0,1.0,3.0,170.0,0.0,0.0,2.0,123.0,1.0,2.5,,,,4
VA-Long-Beach-065,VA Long Beach,58.0,1.0,2.0,126.0,0.0,1.0,0.0,110.0,1.0,2.0,2.0,,,2
VA-Long-Beach-066,VA Long Beach,69.0,1.0,3.0,140.0,0.0,,1.0,118.0,0.0,2.5,3.0,,,2
VA-Long-Beach-067,VA Long Beach,67.0,1.0,1.0,142.0,270.0,1.0,0.0,125.0,0.0,2.5,1.0,,,3
VA-Long-Beach-068,VA Long Beach,58.0,1.0,4.0,120.0,0.0,0.0,2.0,106.0,1.0,1.5,3.0,,7.0,1
VA-Long-Beach-069,VA Long Beach,65.0,1.0,4.0,,0.0,0.0,0.0,,,,,,,1
VA-Long-Beach-070,VA Long Beach,63.0,1.0,2.0,,217.0,1.0,1.0,,,,,,,1
VA-Long-Beach-071,VA Long Beach,55.0,1.0,2.0,110.0,214.0,1.0,1.0,180.0,0.0,,,,,0
VA-Long-Beach-072,VA Long Beach,57.0,1.0,4.0,140.0,214.0,0.0,1.0,144.0,1.0,2.0,2.0,,6.0,2
VA-Long-Beach-073,VA Long Beach,65.0,1.0,1.0,,252.0,0.0,0.0,,,,,,,0
VA-Long-Beach-074,VA Long Beach,54.0,1.0,4.0,136.0,220.0,0.0,0.0,140.0,1.0,3.0,2.0,,,3
VA-Long-Beach-075,VA Long Beach,72.0,1.0,3.0,120.0,214.0,0.0,0.0,102.0,1.0,1.0,2.0,,,3
VA-Long-Beach-076,VA Long Beach,75.0,1.0,4.0,170.0,203.0,1.0,1.0,108.0,0.0,0.0,,,7.0,1
VA-Long-Beach-077,VA Long Beach,49.0,1.0,1.0,130.0,0.0,0.0,1.0,145.0,0.0,3.0,2.0,,,2
VA-Long-Beach-078,VA Long Beach,51.0,1.0,3.0,,339.0,0.0,0.0,,,,,,,3
VA-Long-Beach-079,VA Long Beach,60.0,1.0,4.0,142.0,216.0,0.0,0.0,110.0,1.0,2.5,2.0,,,2
VA-Long-Beach-080,VA Long Beach,64.0,0.0,4.0,142.0,276.0,0.0,0.0,140.0,1.0,1.0,2.0,,7.0,1
VA-Long-Beach-081,VA Long Beach,58.0,1.0,4.0,132.0,458.0,1.0,0.0,69.0,0.0,1.0,3.0,,,0
VA-Long-Beach-082,VA Long Beach,61.0,1.0,4.0,146.0,241.0,0.0,0.0,148.0,1.0,3.0,3.0,,,2
VA-Long-Beach-083,VA Long Beach,67.0,1.0,4.0,160.0,384.0,1.0,1.0,130.0,1.0,0.0,2.0,,,2
VA-Long-Beach-084,VA Long Beach,62.0,1.0,4.0,135.0,297.0,0.0,0.0,130.0,1.0,1.0,2.0,,,2
VA-Long-Beach-085,VA Long Beach,65.0,1.0,4.0,136.0,248.0,0.0,0.0,140.0,1.0,4.0,3.0,,,4
VA-Long-Beach-086,VA Long Beach,63.0,1.0,4.0,130.0,308.0,0.0,0.0,138.0,1.0,2.0,2.0,,,2
VA-Long-Beach-087,VA Long Beach,69.0,1.0,4.0,140.0,208.0,0.0,1.0,140.0,1.0,2.0,,,,3
VA-Long-Beach-088,VA Long Beach,51.0,1.0,4.0,,227.0,1.0,1.0,,,,,,,0
VA-Long-Beach-089,VA Long Beach,62.0,1.0,4.0,158.0,210.0,1.0,0.0,112.0,1.0,3.0,3.0,,,1
VA-Long-Beach-090,VA Long Beach,55.0,1.0,3.0,,245.0,1.0,1.0,,,,,,,1
VA-Long-Beach-091,VA Long Beach,75.0,1.0,4.0,136.0,225.0,0.0,0.0,112.0,1.0,3.0,2.0,,,3
VA-Long-Beach-092,VA Long Beach,40.0,1.0,3.0,106.0,240.0,0.0,0.0,80.0,1.0,0.0,,,7.0,0
VA-Long-Beach-093,VA Long Beach,67.0,1.0,4.0,120.0,0.0,1.0,0.0,150.0,0.0,1.5,3.0,,,3
VA-Long-Beach-094,VA Long Beach,58.0,1.0,4.0,110.0,198.0,0.0,0.0,110.0,0.0,0.0,,,,1
VA-Long-Beach-095,VA Long Beach,60.0,1.0,4.0,,195.0,0.0,0.0,,,,,,,0
VA-Long-Beach-096,VA Long Beach,63.0,1.0,4.0,160.0,267.0,1.0,1.0,88.0,1.0,2.0,,,,3
VA-Long-Beach-097,VA Long Beach,35.0,1.0,3.0,,161.0,0.0,1.0,,,,,,,0
VA-Long-Beach-098,VA Long Beach,62.0,1.0,1.0,112.0,258.0,0.0,1.0,150.0,1.0,,,,,1
VA-Long-Beach-099,VA Long Beach,43.0,1.0,4.0,122.0,0.0,0.0,0.0,120.0,0.0,0.5,1.0,,,1
VA-Long-Beach-100,VA Long Beach,63.0,1.0,3.0,130.0,0.0,1.0,1.0,160.0,0.0,3.0,2.0,,,0
VA-Long-Beach-101,VA Long Beach,68.0,1.0,3.0,150.0,195.0,1.0,0.0,132.0,0.0,0.0,,,6.0,1
VA-Long-Beach-102,VA Long Beach,65.0,1.0,4.0,150.0,235.0,0.0,0.0,120.0,1.0,1.5,2.0,,,3
VA-Long-Beach-103,VA Long Beach,48.0,1.0,3.0,102.0,0.0,,1.0,110.0,1.0,1.0,3.0,,,1
VA-Long-Beach-104,VA Long Beach,63.0,1.0,4.0,96.0,305.0,0.0,1.0,121.0,1.0,1.0,1.0,,,1
VA-Long-Beach-105,VA Long Beach,64.0,1.0,4.0,130.0,223.0,0.0,1.0,128.0,0.0,0.5,2.0,,,0
VA-Long-Beach-106,VA Long Beach,61.0,1.0,4.0,120.0,282.0,0.0,1.0,135.0,1.0,4.0,3.0,,6.0,3
VA-Long-Beach-107,VA Long Beach,50.0,1.0,4.0,144.0,349.0,0.0,2.0,120.0,1.0,1.0,1.0,,7.0,1
VA-Long-Beach-108,VA Long Beach,59.0,1.0,4.0,124.0,,0.0,0.0,117.0,1.0,1.0,2.0,,,1
VA-Long-Beach-109,VA Long Beach,55.0,1.0,4.0,150.0,160.0,0.0,1.0,150.0,0.0,0.0,,,,0
VA-Long-Beach-110,VA Long Beach,45.0,1.0,3.0,,236.0,0.0,0.0,,,,,,,0
VA-Long-Beach-111,VA Long Beach,65.0,1.0,4.0,,312.0,0.0,2.0,,,,,,,3
VA-Long-Beach-112,VA Long Beach,61.0,1.0,2.0,,283.0,0.0,0.0,,,,,,,0
VA-Long-Beach-113,VA Long Beach,49.0,1.0,3.0,,142.0,0.0,0.0,,,,,,,3
VA-Long-Beach-114,VA Long Beach,72.0,1.0,4.0,,211.0,0.0,0.0,,,,,,,1
VA-Long-Beach-115,VA Long Beach,50.0,1.0,4.0,,218.0,0.0,0.0,,,,,,,1
VA-Long-Beach-116,VA Long Beach,64.0,1.0,4.0,,306.0,1.0,1.0,,,,,,,3
VA-Long-Beach-117,VA Long Beach,55.0,1.0,4.0,116.0,186.0,1.0,1.0,102.0,0.0,0.0,,,,2
VA-Long-Beach-118,VA Long Beach,63.0,1.0,4.0,110.0,252.0,0.0,1.0,140.0,1.0,2.0,2.0,,,2
VA-Long-Beach-119,VA Long Beach,59.0,1.0,4.0,125.0,222.0,0.0,0.0,135.0,1.0,2.5,3.0,,,3
VA-Long-Beach-120,VA Long Beach,56.0,1.0,4.0,,0.0,0.0,2.0,,,,,,,1
VA-Long-Beach-121,VA Long Beach,62.0,1.0,3.0,,0.0,1.0,1.0,,,,,,,2
VA-Long-Beach-122,VA Long Beach,74.0,1.0,4.0,150.0,258.0,1.0,1.0,130.0,1.0,4.0,3.0,,,3
VA-Long-Beach-123,VA Long Beach,54.0,1.0,4.0,130.0,202.0,1.0,0.0,112.0,1.0,2.0,2.0,,,1
VA-Long-Beach-124,VA Long Beach,57.0,1.0,4.0,110.0,197.0,0.0,2.0,100.0,0.0,0.0,,,,0
VA-Long-Beach-125,VA Long Beach,62.0,1.0,3.0,,204.0,0.0,1.0,,,,,,,1
VA-Long-Beach-126,VA Long Beach,76.0,1.0,3.0,104.0,,0.0,2.0,120.0,0.0,3.5,3.0,,,4
VA-Long-Beach-127,VA Long Beach,54.0,0.0,4.0,138.0,274.0,0.0,0.0,105.0,1.0,1.5,2.0,,,1
VA-Long-Beach-128,VA Long Beach,70.0,1.0,4.0,170.0,192.0,0.0,1.0,129.0,1.0,3.0,3.0,,,2
VA-Long-Beach-129,VA Long Beach,61.0,0.0,2.0,140.0,298.0,1.0,0.0,120.0,1.0,0.0,,,7.0,0
VA-Long-Beach-130,VA Long Beach,48.0,1.0,4.0,,272.0,0.0,1.0,,,,,,,0
VA-Long-Beach-131,VA Long Beach,48.0,1.0,3.0,132.0,220.0,1.0,1.0,162.0,0.0,0.0,,,6.0,1
VA-Long-Beach-132,VA Long Beach,61.0,1.0,1.0,142.0,200.0,1.0,1.0,100.0,0.0,1.5,3.0,,,3
VA-Long-Beach-133,VA Long Beach,66.0,1.0,4.0,112.0,261.0,0.0,0.0,140.0,0.0,1.5,1.0,,,1
VA-Long-Beach-134,VA Long Beach,68.0,1.0,1.0,,181.0,1.0,1.0,,,,,,,0
VA-Long-Beach-135,VA Long Beach,55.0,1.0,4.0,172.0,260.0,0.0,0.0,73.0,0.0,2.0,,,,3
VA-Long-Beach-136,VA Long Beach,62.0,1.0,3.0,120.0,220.0,0.0,2.0,86.0,0.0,0.0,,,,0
VA-Long-Beach-137,VA Long Beach,71.0,1.0,3.0,,221.0,0.0,0.0,,,,,,,3
VA-Long-Beach-138,VA Long Beach,74.0,1.0,1.0,,216.0,1.0,0.0,,,,,,,3
VA-Long-Beach-139,VA Long Beach,53.0,1.0,3.0,155.0,175.0,1.0,1.0,160.0,0.0,,,,6.0,0
VA-Long-Beach-140,VA Long Beach,58.0,1.0,3.0,150.0,219.0,0.0,1.0,118.0,1.0,0.0,,,,2
VA-Long-Beach-141,VA Long Beach,75.0,1.0,4.0,160.0,310.0,1.0,0.0,112.0,1.0,2.0,3.0,,7.0,0
VA-Long-Beach-142,VA Long Beach,56.0,1.0,3.0,,208.0,1.0,1.0,,,,,,,4
VA-Long-Beach-143,VA Long Beach,58.0,1.0,3.0,,232.0,0.0,1.0,,,,,,,2
VA-Long-Beach-144,VA Long Beach,64.0,1.0,4.0,134.0,273.0,0.0,0.0,102.0,1.0,4.0,3.0,,,4
VA-Long-Beach-145,VA Long Beach,54.0,1.0,3.0,,203.0,0.0,1.0,,,,,,,0
VA-Long-Beach-146,VA Long Beach,54.0,1.0,2.0,,182.0,0.0,1.0,,,,,,,0
VA-Long-Beach-147,VA Long Beach,59.0,1.0,4.0,140.0,274.0,0.0,0.0,154.0,1.0,2.0,2.0,,,0
VA-Long-Beach-148,VA Long Beach,55.0,1.0,4.0,,204.0,1.0,1.0,,,,,,,1
VA-Long-Beach-149,VA Long Beach,57.0,1.0,4.0,144.0,270.0,1.0,1.0,160.0,1.0,2.0,2.0,,,3
VA-Long-Beach-150,VA Long Beach,61.0,1.0,4.0,,292.0,0.0,1.0,,,,,,,3
VA-Long-Beach-151,VA Long Beach,41.0,1.0,4.0,150.0,171.0,0.0,0.0,128.0,1.0,1.5,2.0,,,0
VA-Long-Beach-152,VA Long Beach,71.0,1.0,4.0,130.0,221.0,0.0,1.0,115.0,1.0,0.0,,,,3
VA-Long-Beach-153,VA Long Beach,38.0,1.0,4.0,110.0,289.0,0.0,0.0,105.0,1.0,1.5,3.0,,,1
VA-Long-Beach-154,VA Long Beach,55.0,1.0,4.0,158.0,217.0,0.0,0.0,110.0,1.0,2.5,2.0,,,1
VA-Long-Beach-155,VA Long Beach,56.0,1.0,4.0,128.0,223.0,0.0,1.0,119.0,1.0,2.0,3.0,,,2
VA-Long-Beach-156,VA Long Beach,69.0,1.0,4.0,,,1.0,0.0,,,,,,,2
VA-Long-Beach-157,VA Long Beach,64.0,1.0,4.0,150.0,193.0,0.0,1.0,135.0,1.0,0.5,2.0,,,2
VA-Long-Beach-158,VA Long Beach,72.0,1.0,4.0,160.0,,1.0,2.0,130.0,0.0,1.5,,,,2
VA-Long-Beach-159,VA Long Beach,69.0,1.0,4.0,,210.0,1.0,1.0,,,,,,,2
VA-Long-Beach-160,VA Long Beach,56.0,1.0,4.0,,282.0,1.0,0.0,,,,,,,1
VA-Long-Beach-161,VA Long Beach,62.0,1.0,4.0,,170.0,0.0,1.0,120.0,1.0,3.0,,,,4
VA-Long-Beach-162,VA Long Beach,67.0,1.0,4.0,,369.0,0.0,0.0,,,,,,,3
VA-Long-Beach-163,VA Long Beach,57.0,1.0,4.0,156.0,173.0,0.0,2.0,119.0,1.0,3.0,3.0,,,3
VA-Long-Beach-164,VA Long Beach,69.0,1.0,4.0,,289.0,1.0,1.0,,,,,,,3
VA-Long-Beach-165,VA Long Beach,51.0,1.0,4.0,,,1.0,2.0,,,,,,7.0,1
VA-Long-Beach-166,VA Long Beach,48.0,1.0,4.0,140.0,,0.0,0.0,159.0,1.0,1.5,1.0,,,3
VA-Long-Beach-167,VA Long Beach,69.0,1.0,4.0,122.0,216.0,1.0,2.0,84.0,1.0,0.0,,,7.0,2
VA-Long-Beach-168,VA Long Beach,69.0,1.0,3.0,,271.0,0.0,2.0,,,,,,,0
VA-Long-Beach-169,VA Long Beach,64.0,1.0,4.0,,244.0,1.0,1.0,,,,,,,2
VA-Long-Beach-170,VA Long Beach,57.0,1.0,2.0,180.0,285.0,1.0,1.0,120.0,0.0,0.8,,,,1
VA-Long-Beach-171,VA Long Beach,53.0,1.0,4.0,124.0,243.0,0.0,0.0,122.0,1.0,2.0,2.0,,7.0,1
VA-Long-Beach-172,VA Long Beach,37.0,1.0,3.0,118.0,240.0,0.0,2.0,165.0,0.0,1.0,2.0,,3.0,0
VA-Long-Beach-173,VA Long Beach,67.0,1.0,4.0,140.0,219.0,0.0,1.0,122.0,1.0,2.0,2.0,,7.0,3
VA-Long-Beach-174,VA Long Beach,74.0,1.0,3.0,140.0,237.0,1.0,0.0,94.0,0.0,0.0,,,,1
VA-Long-Beach-175,VA Long Beach,63.0,1.0,2.0,,165.0,0.0,1.0,,,,,,,0
VA-Long-Beach-176,VA Long Beach,58.0,1.0,4.0,100.0,213.0,0.0,1.0,110.0,0.0,0.0,,,,0
VA-Long-Beach-177,VA Long Beach,61.0,1.0,4.0,190.0,287.0,1.0,2.0,150.0,1.0,2.0,3.0,,,4
VA-Long-Beach-178,VA Long Beach,64.0,1.0,4.0,130.0,258.0,1.0,2.0,130.0,0.0,0.0,,,6.0,2
VA-Long-Beach-179,VA Long Beach,58.0,1.0,4.0,160.0,256.0,1.0,2.0,113.0,1.0,1.0,1.0,,,3
VA-Long-Beach-180,VA Long Beach,60.0,1.0,4.0,130.0,186.0,1.0,2.0,140.0,1.0,0.5,2.0,,,1
VA-Long-Beach-181,VA Long Beach,57.0,1.0,4.0,122.0,264.0,0.0,2.0,100.0,0.0,0.0,,,,1
VA-Long-Beach-182,VA Long Beach,55.0,1.0,3.0,,,0.0,1.0,,,,,,,0
VA-Long-Beach-183,VA Long Beach,55.0,1.0,4.0,120.0,226.0,0.0,2.0,127.0,1.0,1.7,3.0,,7.0,1
VA-Long-Beach-184,VA Long Beach,56.0,1.0,4.0,130.0,203.0,1.0,0.0,98.0,0.0,1.5,2.0,,7.0,1
VA-Long-Beach-185,VA Long Beach,57.0,1.0,4.0,130.0,207.0,0.0,1.0,96.0,1.0,1.0,2.0,,,0
VA-Long-Beach-186,VA Long Beach,61.0,1.0,3.0,,284.0,0.0,0.0,,,,,,,1
VA-Long-Beach-187,VA Long Beach,61.0,1.0,3.0,120.0,337.0,0.0,0.0,98.0,1.0,0.0,,,,3
VA-Long-Beach-188,VA Long Beach,58.0,1.0,3.0,150.0,219.0,0.0,1.0,118.0,1.0,0.0,,,,2
VA-Long-Beach-189,VA Long Beach,74.0,1.0,4.0,155.0,310.0,0.0,0.0,112.0,1.0,1.5,3.0,,,2
VA-Long-Beach-190,VA Long Beach,68.0,1.0,3.0,134.0,254.0,1.0,0.0,151.0,1.0,0.0,,,3.0,0
VA-Long-Beach-191,VA Long Beach,51.0,0.0,4.0,114.0,258.0,1.0,2.0,96.0,0.0,1.0,1.0,,,0
VA-Long-Beach-192,VA Long Beach,62.0,1.0,4.0,160.0,254.0,1.0,1.0,108.0,1.0,3.0,2.0,,,4
VA-Long-Beach-193,VA Long Beach,53.0,1.0,4.0,144.0,300.0,1.0,1.0,128.0,1.0,1.5,2.0,,,3
VA-Long-Beach-194,VA Long Beach,62.0,1.0,4.0,158.0,170.0,0.0,1.0,138.0,1.0,0.0,,,,1
VA-Long-Beach-195,VA Long Beach,46.0,1.0,4.0,134.0,310.0,0.0,0.0,126.0,0.0,0.0,,,3.0,2
VA-Long-Beach-196,VA Long Beach,54.0,0.0,4.0,127.0,333.0,1.0,1.0,154.0,0.0,0.0,,,,1
VA-Long-Beach-197,VA Long Beach,62.0,1.0,1.0,,139.0,0.0,1.0,,,,,,,0
VA-Long-Beach-198,VA Long Beach,55.0,1.0,4.0,122.0,223.0,1.0,1.0,100.0,0.0,0.0,,,6.0,2
VA-Long-Beach-199,VA Long Beach,58.0,1.0,4.0,,385.0,1.0,2.0,,,,,,,0
VA-Long-Beach-200,VA Long Beach,62.0,1.0,2.0,120.0,254.0,0.0,2.0,93.0,1.0,0.0,,,,1
