变量,角色,语义类型,含义,观察值/编码示例,缺失数,缺失率,审查提示
site,来源元数据,无序多分类,四个采集中心,"Cleveland, Hungary, Switzerland, VA Long Beach",0,0.0,用于分组审查，不是生物学特征
age,特征,连续/整数,年龄（年）,"28, 29, 30, 31, 32, 33, 34, 35, ...",0,0.0,均值或中位数取决于分布
sex,特征,二分类,原始编码0/1,"0, 1",0,0.0,不能因数字编码而视为连续量
cp,特征,无序多分类,胸痛类型1-4,"1, 2, 3, 4",0,0.0,需语义编码；代码间无等距含义
trestbps,特征,连续,静息血压（mm Hg）,"0, 80, 92, 94, 95, 96, 98, 100, ...",59,6.4,检查缺失、异常及尺度
chol,特征,连续,血清胆固醇（mg/dl）,"0, 85, 100, 117, 126, 129, 131, 132, ...",30,3.3,偏态与极值需稳健描述
fbs,特征,二分类,空腹血糖>120 mg/dl,"0, 1",90,9.8,适合比例/列联描述
restecg,特征,无序多分类,静息心电图类别0-2,"0, 1, 2",2,0.2,不能直接求均值解释
thalach,特征,连续,最大心率,"60, 63, 67, 69, 70, 71, 72, 73, ...",55,6.0,距离计算前检查尺度
exang,特征,二分类,运动诱发心绞痛,"0, 1",55,6.0,适合比例/二值相似性
oldpeak,特征,连续,运动相对静息ST压低,"-2.6, -2, -1.5, -1.1, -1, -0.9, -0.8, -0.7, ...",62,6.7,偏态、零值与变换需说明
slope,特征,有序候选,峰值运动ST段斜率1-3,"1, 2, 3",309,33.6,是否按有序处理取决于问题
ca,特征,离散计数,造影显示的主要血管数0-3,"0, 1, 2, 3",611,66.4,高缺失；不能默认完整病例删除
thal,特征,无序多分类,thal类别3/6/7,"3, 6, 7",486,52.8,高缺失；代码仅为标签
num,目标,有序/二值派生,冠心病程度0-4,"0, 1, 2, 3, 4",0,0.0,二值化会丢失严重程度信息
