重复,抽样策略,有病比例,最大中心比例偏差,有病比例偏差
1,简单随机,0.5333333333333333,0.0257246376811594,0.019927536231884035
2,简单随机,0.575,0.04565217391304349,0.021739130434782594
3,简单随机,0.5083333333333333,0.07065217391304351,0.04492753623188406
4,简单随机,0.5416666666666666,0.047101449275362306,0.011594202898550732
5,简单随机,0.5083333333333333,0.04456521739130431,0.04492753623188406
6,简单随机,0.6,0.04963768115942027,0.046739130434782616
7,简单随机,0.6083333333333333,0.02210144927536234,0.05507246376811592
8,简单随机,0.525,0.04601449275362318,0.02826086956521734
9,简单随机,0.6083333333333333,0.03623188405797101,0.05507246376811592
10,简单随机,0.55,0.04963768115942027,0.003260869565217317
11,简单随机,0.5583333333333333,0.03260869565217392,0.005072463768115987
12,简单随机,0.5833333333333334,0.02065217391304347,0.03007246376811601
13,简单随机,0.48333333333333334,0.047101449275362306,0.06992753623188402
14,简单随机,0.575,0.05398550724637685,0.021739130434782594
15,简单随机,0.55,0.04565217391304349,0.003260869565217317
16,简单随机,0.5333333333333333,0.050724637681159424,0.019927536231884035
17,简单随机,0.6083333333333333,0.02210144927536234,0.05507246376811592
18,简单随机,0.5916666666666667,0.025362318840579712,0.03840579710144931
19,简单随机,0.6,0.07898550724637682,0.046739130434782616
20,简单随机,0.5166666666666667,0.06702898550724638,0.03659420289855064
21,简单随机,0.5333333333333333,0.03768115942028982,0.019927536231884035
22,简单随机,0.625,0.059057971014492755,0.07173913043478264
23,简单随机,0.5666666666666667,0.06376811594202902,0.01340579710144929
24,简单随机,0.5416666666666666,0.062318840579710155,0.011594202898550732
25,简单随机,0.55,0.03623188405797101,0.003260869565217317
26,简单随机,0.475,0.06376811594202902,0.07826086956521738
27,简单随机,0.5666666666666667,0.09710144927536235,0.01340579710144929
28,简单随机,0.5166666666666667,0.025362318840579712,0.03659420289855064
29,简单随机,0.5416666666666666,0.03260869565217392,0.011594202898550732
30,简单随机,0.5416666666666666,0.011231884057970987,0.011594202898550732
31,简单随机,0.5333333333333333,0.047101449275362306,0.019927536231884035
32,简单随机,0.5916666666666667,0.011231884057970987,0.03840579710144931
33,简单随机,0.5166666666666667,0.054347826086956486,0.03659420289855064
34,简单随机,0.5416666666666666,0.08043478260869569,0.011594202898550732
35,简单随机,0.6083333333333333,0.04927536231884058,0.05507246376811592
36,简单随机,0.5833333333333334,0.06739130434782609,0.03007246376811601
37,简单随机,0.5666666666666667,0.03260869565217392,0.01340579710144929
38,简单随机,0.5833333333333334,0.08768115942028984,0.03007246376811601
39,简单随机,0.525,0.012681159420289856,0.02826086956521734
40,简单随机,0.5333333333333333,0.01739130434782607,0.019927536231884035
41,简单随机,0.5583333333333333,0.008695652173913049,0.005072463768115987
42,简单随机,0.5416666666666666,0.04094202898550728,0.011594202898550732
43,简单随机,0.525,0.05289855072463767,0.02826086956521734
44,简单随机,0.575,0.05760869565217394,0.021739130434782594
45,简单随机,0.5416666666666666,0.019565217391304346,0.011594202898550732
46,简单随机,0.5833333333333334,0.04456521739130431,0.03007246376811601
47,简单随机,0.5583333333333333,0.03768115942028982,0.005072463768115987
48,简单随机,0.5166666666666667,0.08369565217391305,0.03659420289855064
49,简单随机,0.5416666666666666,0.030434782608695643,0.011594202898550732
50,简单随机,0.575,0.05289855072463767,0.021739130434782594
51,简单随机,0.6083333333333333,0.055434782608695665,0.05507246376811592
52,简单随机,0.5,0.08768115942028984,0.05326086956521736
53,简单随机,0.5,0.04565217391304349,0.05326086956521736
54,简单随机,0.5416666666666666,0.025362318840579712,0.011594202898550732
55,简单随机,0.5833333333333334,0.07789855072463767,0.03007246376811601
56,简单随机,0.5166666666666667,0.02898550724637683,0.03659420289855064
57,简单随机,0.55,0.06268115942028984,0.003260869565217317
58,简单随机,0.525,0.02789855072463765,0.02826086956521734
59,简单随机,0.625,0.06956521739130433,0.07173913043478264
60,简单随机,0.5333333333333333,0.03731884057971013,0.019927536231884035
61,简单随机,0.5833333333333334,0.06594202898550725,0.03007246376811601
62,简单随机,0.5583333333333333,0.05036231884057972,0.005072463768115987
63,简单随机,0.5333333333333333,0.06956521739130433,0.019927536231884035
64,简单随机,0.525,0.06268115942028984,0.02826086956521734
65,简单随机,0.5666666666666667,0.04927536231884058,0.01340579710144929
66,简单随机,0.4666666666666667,0.047101449275362306,0.08659420289855069
67,简单随机,0.525,0.03768115942028982,0.02826086956521734
68,简单随机,0.5333333333333333,0.054347826086956486,0.019927536231884035
69,简单随机,0.5,0.05398550724637685,0.05326086956521736
70,简单随机,0.5166666666666667,0.050724637681159424,0.03659420289855064
71,简单随机,0.5833333333333334,0.07101449275362315,0.03007246376811601
72,简单随机,0.525,0.04130434782608694,0.02826086956521734
73,简单随机,0.475,0.059057971014492755,0.07826086956521738
74,简单随机,0.6,0.06268115942028984,0.046739130434782616
75,简单随机,0.5916666666666667,0.03297101449275361,0.03840579710144931
76,简单随机,0.625,0.11956521739130432,0.07173913043478264
77,简单随机,0.5583333333333333,0.054347826086956486,0.005072463768115987
78,简单随机,0.5333333333333333,0.02789855072463765,0.019927536231884035
79,简单随机,0.5333333333333333,0.06739130434782609,0.019927536231884035
80,简单随机,0.5916666666666667,0.02934782608695652,0.03840579710144931
81,简单随机,0.5166666666666667,0.062318840579710155,0.03659420289855064
82,简单随机,0.5583333333333333,0.05036231884057972,0.005072463768115987
83,简单随机,0.6583333333333333,0.04927536231884058,0.10507246376811596
84,简单随机,0.5,0.02934782608695652,0.05326086956521736
85,简单随机,0.575,0.12789855072463766,0.021739130434782594
86,简单随机,0.49166666666666664,0.07572463768115942,0.06159420289855072
87,简单随机,0.5583333333333333,0.061231884057970976,0.005072463768115987
88,简单随机,0.625,0.06594202898550725,0.07173913043478264
89,简单随机,0.5166666666666667,0.06376811594202902,0.03659420289855064
90,简单随机,0.5333333333333333,0.04202898550724639,0.019927536231884035
91,简单随机,0.525,0.062318840579710155,0.02826086956521734
92,简单随机,0.5583333333333333,0.06376811594202902,0.005072463768115987
93,简单随机,0.425,0.0257246376811594,0.12826086956521737
94,简单随机,0.5833333333333334,0.04239130434782609,0.03007246376811601
95,简单随机,0.5083333333333333,0.04565217391304349,0.04492753623188406
96,简单随机,0.575,0.07101449275362315,0.021739130434782594
97,简单随机,0.5416666666666666,0.03405797101449276,0.011594202898550732
98,简单随机,0.525,0.04601449275362318,0.02826086956521734
99,简单随机,0.4583333333333333,0.05289855072463767,0.09492753623188405
100,简单随机,0.5666666666666667,0.08260869565217391,0.01340579710144929
101,简单随机,0.55,0.03405797101449276,0.003260869565217317
102,简单随机,0.5416666666666666,0.09710144927536235,0.011594202898550732
103,简单随机,0.625,0.06739130434782609,0.07173913043478264
104,简单随机,0.5333333333333333,0.025362318840579712,0.019927536231884035
105,简单随机,0.575,0.01376811594202898,0.021739130434782594
106,简单随机,0.475,0.07898550724637682,0.07826086956521738
107,简单随机,0.49166666666666664,0.05398550724637685,0.06159420289855072
108,简单随机,0.5416666666666666,0.03369565217391304,0.011594202898550732
109,简单随机,0.5083333333333333,0.03260869565217392,0.04492753623188406
110,简单随机,0.55,0.03405797101449276,0.003260869565217317
111,简单随机,0.55,0.04927536231884058,0.003260869565217317
112,简单随机,0.5583333333333333,0.04456521739130431,0.005072463768115987
113,简单随机,0.5416666666666666,0.008695652173913049,0.011594202898550732
114,简单随机,0.4583333333333333,0.07210144927536233,0.09492753623188405
115,简单随机,0.525,0.050724637681159424,0.02826086956521734
116,简单随机,0.6,0.086231884057971,0.046739130434782616
117,简单随机,0.6166666666666667,0.04456521739130431,0.06340579710144933
118,简单随机,0.55,0.06376811594202902,0.003260869565217317
119,简单随机,0.6166666666666667,0.03405797101449276,0.06340579710144933
120,简单随机,0.5833333333333334,0.008695652173913049,0.03007246376811601
121,简单随机,0.575,0.07065217391304351,0.021739130434782594
122,简单随机,0.5916666666666667,0.030434782608695643,0.03840579710144931
123,简单随机,0.5416666666666666,0.05760869565217394,0.011594202898550732
124,简单随机,0.5666666666666667,0.06594202898550725,0.01340579710144929
125,简单随机,0.55,0.024637681159420277,0.003260869565217317
126,简单随机,0.575,0.055434782608695665,0.021739130434782594
127,简单随机,0.475,0.03768115942028982,0.07826086956521738
128,简单随机,0.6083333333333333,0.03297101449275361,0.05507246376811592
129,简单随机,0.55,0.11231884057971014,0.003260869565217317
130,简单随机,0.525,0.04601449275362318,0.02826086956521734
131,简单随机,0.5583333333333333,0.06956521739130433,0.005072463768115987
132,简单随机,0.5583333333333333,0.06376811594202902,0.005072463768115987
133,简单随机,0.5083333333333333,0.05036231884057972,0.04492753623188406
134,简单随机,0.48333333333333334,0.08768115942028984,0.06992753623188402
135,简单随机,0.5333333333333333,0.038768115942029,0.019927536231884035
136,简单随机,0.6083333333333333,0.03260869565217392,0.05507246376811592
137,简单随机,0.6333333333333333,0.07898550724637682,0.08007246376811594
138,简单随机,0.5333333333333333,0.0257246376811594,0.019927536231884035
139,简单随机,0.475,0.059057971014492755,0.07826086956521738
140,简单随机,0.6,0.024275362318840588,0.046739130434782616
141,简单随机,0.5333333333333333,0.08260869565217391,0.019927536231884035
142,简单随机,0.5666666666666667,0.06268115942028984,0.01340579710144929
143,简单随机,0.5,0.016304347826086946,0.05326086956521736
144,简单随机,0.5166666666666667,0.03369565217391304,0.03659420289855064
145,简单随机,0.55,0.024275362318840588,0.003260869565217317
146,简单随机,0.575,0.06594202898550725,0.021739130434782594
147,简单随机,0.575,0.04202898550724639,0.021739130434782594
148,简单随机,0.575,0.03623188405797101,0.021739130434782594
149,简单随机,0.55,0.015942028985507256,0.003260869565217317
150,简单随机,0.49166666666666664,0.05036231884057972,0.06159420289855072
151,简单随机,0.5583333333333333,0.01739130434782607,0.005072463768115987
152,简单随机,0.5416666666666666,0.02210144927536234,0.011594202898550732
153,简单随机,0.6083333333333333,0.04456521739130431,0.05507246376811592
154,简单随机,0.6416666666666667,0.10398550724637684,0.08840579710144936
155,简单随机,0.5416666666666666,0.047101449275362306,0.011594202898550732
156,简单随机,0.5583333333333333,0.02898550724637683,0.005072463768115987
157,简单随机,0.48333333333333334,0.054347826086956486,0.06992753623188402
158,简单随机,0.525,0.03731884057971013,0.02826086956521734
159,简单随机,0.5166666666666667,0.06594202898550725,0.03659420289855064
160,简单随机,0.6166666666666667,0.06956521739130433,0.06340579710144933
161,简单随机,0.5,0.02210144927536234,0.05326086956521736
162,简单随机,0.5416666666666666,0.04130434782608694,0.011594202898550732
163,简单随机,0.5333333333333333,0.08876811594202899,0.019927536231884035
164,简单随机,0.55,0.05289855072463767,0.003260869565217317
165,简单随机,0.5666666666666667,0.09456521739130433,0.01340579710144929
166,简单随机,0.5583333333333333,0.054347826086956486,0.005072463768115987
167,简单随机,0.5166666666666667,0.06956521739130433,0.03659420289855064
168,简单随机,0.525,0.061231884057970976,0.02826086956521734
169,简单随机,0.5833333333333334,0.09456521739130433,0.03007246376811601
170,简单随机,0.525,0.03405797101449276,0.02826086956521734
171,简单随机,0.55,0.07210144927536233,0.003260869565217317
172,简单随机,0.6,0.038768115942029,0.046739130434782616
173,简单随机,0.5083333333333333,0.030434782608695643,0.04492753623188406
174,简单随机,0.5333333333333333,0.07898550724637682,0.019927536231884035
175,简单随机,0.6083333333333333,0.03768115942028982,0.05507246376811592
176,简单随机,0.5416666666666666,0.04239130434782609,0.011594202898550732
177,简单随机,0.48333333333333334,0.062318840579710155,0.06992753623188402
178,简单随机,0.475,0.05398550724637685,0.07826086956521738
179,简单随机,0.5833333333333334,0.07934782608695651,0.03007246376811601
180,简单随机,0.625,0.04456521739130431,0.07173913043478264
181,简单随机,0.5083333333333333,0.059057971014492755,0.04492753623188406
182,简单随机,0.6333333333333333,0.061231884057970976,0.08007246376811594
183,简单随机,0.5333333333333333,0.06268115942028984,0.019927536231884035
184,简单随机,0.575,0.06630434782608696,0.021739130434782594
185,简单随机,0.5916666666666667,0.04456521739130431,0.03840579710144931
186,简单随机,0.49166666666666664,0.05289855072463767,0.06159420289855072
187,简单随机,0.525,0.04202898550724639,0.02826086956521734
188,简单随机,0.6333333333333333,0.06630434782608696,0.08007246376811594
189,简单随机,0.5833333333333334,0.03405797101449276,0.03007246376811601
190,简单随机,0.5583333333333333,0.03405797101449276,0.005072463768115987
191,简单随机,0.5666666666666667,0.05289855072463767,0.01340579710144929
192,简单随机,0.6,0.07898550724637682,0.046739130434782616
193,简单随机,0.5833333333333334,0.062318840579710155,0.03007246376811601
194,简单随机,0.5416666666666666,0.02789855072463765,0.011594202898550732
195,简单随机,0.5666666666666667,0.04601449275362318,0.01340579710144929
196,简单随机,0.475,0.06376811594202902,0.07826086956521738
197,简单随机,0.5333333333333333,0.07065217391304351,0.019927536231884035
198,简单随机,0.5583333333333333,0.03297101449275361,0.005072463768115987
199,简单随机,0.5083333333333333,0.08731884057971018,0.04492753623188406
200,简单随机,0.475,0.06376811594202902,0.07826086956521738
201,简单随机,0.6166666666666667,0.11594202898550723,0.06340579710144933
202,简单随机,0.6333333333333333,0.04094202898550728,0.08007246376811594
203,简单随机,0.5166666666666667,0.07789855072463767,0.03659420289855064
204,简单随机,0.5333333333333333,0.0257246376811594,0.019927536231884035
205,简单随机,0.5166666666666667,0.07898550724637682,0.03659420289855064
206,简单随机,0.5166666666666667,0.055434782608695665,0.03659420289855064
207,简单随机,0.5333333333333333,0.005434782608695676,0.019927536231884035
208,简单随机,0.5333333333333333,0.062318840579710155,0.019927536231884035
209,简单随机,0.625,0.05760869565217394,0.07173913043478264
210,简单随机,0.5166666666666667,0.04927536231884058,0.03659420289855064
211,简单随机,0.5583333333333333,0.054347826086956486,0.005072463768115987
212,简单随机,0.6666666666666666,0.02210144927536234,0.11340579710144927
213,简单随机,0.6,0.10289855072463766,0.046739130434782616
214,简单随机,0.6083333333333333,0.054347826086956486,0.05507246376811592
215,简单随机,0.5666666666666667,0.06739130434782609,0.01340579710144929
216,简单随机,0.6083333333333333,0.05398550724637685,0.05507246376811592
217,简单随机,0.5166666666666667,0.025362318840579712,0.03659420289855064
218,简单随机,0.55,0.08043478260869569,0.003260869565217317
219,简单随机,0.5,0.02210144927536234,0.05326086956521736
220,简单随机,0.5416666666666666,0.02789855072463765,0.011594202898550732
221,简单随机,0.6,0.06594202898550725,0.046739130434782616
222,简单随机,0.55,0.03297101449275361,0.003260869565217317
223,简单随机,0.6,0.02065217391304347,0.046739130434782616
224,简单随机,0.5666666666666667,0.024637681159420277,0.01340579710144929
225,简单随机,0.55,0.07065217391304351,0.003260869565217317
226,简单随机,0.5333333333333333,0.055434782608695665,0.019927536231884035
227,简单随机,0.55,0.05869565217391305,0.003260869565217317
228,简单随机,0.5166666666666667,0.04202898550724639,0.03659420289855064
229,简单随机,0.5166666666666667,0.05398550724637685,0.03659420289855064
230,简单随机,0.5166666666666667,0.030434782608695643,0.03659420289855064
231,简单随机,0.6,0.03623188405797101,0.046739130434782616
232,简单随机,0.6416666666666667,0.04601449275362318,0.08840579710144936
233,简单随机,0.55,0.09710144927536235,0.003260869565217317
234,简单随机,0.65,0.08297101449275363,0.09673913043478266
235,简单随机,0.5666666666666667,0.008695652173913049,0.01340579710144929
236,简单随机,0.55,0.04094202898550728,0.003260869565217317
237,简单随机,0.575,0.0746376811594203,0.021739130434782594
238,简单随机,0.5416666666666666,0.038768115942029,0.011594202898550732
239,简单随机,0.5916666666666667,0.04565217391304349,0.03840579710144931
240,简单随机,0.525,0.04565217391304349,0.02826086956521734
241,简单随机,0.5416666666666666,0.047101449275362306,0.011594202898550732
242,简单随机,0.5333333333333333,0.047101449275362306,0.019927536231884035
243,简单随机,0.5583333333333333,0.04130434782608694,0.005072463768115987
244,简单随机,0.5833333333333334,0.07572463768115942,0.03007246376811601
245,简单随机,0.5666666666666667,0.05760869565217394,0.01340579710144929
246,简单随机,0.5166666666666667,0.05289855072463767,0.03659420289855064
247,简单随机,0.625,0.07210144927536233,0.07173913043478264
248,简单随机,0.575,0.06268115942028984,0.021739130434782594
249,简单随机,0.49166666666666664,0.08043478260869569,0.06159420289855072
250,简单随机,0.5833333333333334,0.050724637681159424,0.03007246376811601
251,简单随机,0.5583333333333333,0.003985507246376807,0.005072463768115987
252,简单随机,0.6166666666666667,0.008695652173913049,0.06340579710144933
253,简单随机,0.575,0.07898550724637682,0.021739130434782594
254,简单随机,0.5,0.07210144927536233,0.05326086956521736
255,简单随机,0.5583333333333333,0.038768115942029,0.005072463768115987
256,简单随机,0.625,0.05760869565217394,0.07173913043478264
257,简单随机,0.5,0.047101449275362306,0.05326086956521736
258,简单随机,0.48333333333333334,0.03369565217391304,0.06992753623188402
259,简单随机,0.525,0.02065217391304347,0.02826086956521734
260,简单随机,0.6083333333333333,0.03297101449275361,0.05507246376811592
261,简单随机,0.575,0.05289855072463767,0.021739130434782594
262,简单随机,0.5916666666666667,0.03623188405797101,0.03840579710144931
263,简单随机,0.5666666666666667,0.04927536231884058,0.01340579710144929
264,简单随机,0.49166666666666664,0.06376811594202902,0.06159420289855072
265,简单随机,0.5,0.04601449275362318,0.05326086956521736
266,简单随机,0.5583333333333333,0.04094202898550728,0.005072463768115987
267,简单随机,0.475,0.04565217391304349,0.07826086956521738
268,简单随机,0.5666666666666667,0.07898550724637682,0.01340579710144929
269,简单随机,0.4666666666666667,0.03260869565217392,0.08659420289855069
270,简单随机,0.5583333333333333,0.06739130434782609,0.005072463768115987
271,简单随机,0.525,0.09565217391304348,0.02826086956521734
272,简单随机,0.6333333333333333,0.02065217391304347,0.08007246376811594
273,简单随机,0.5916666666666667,0.09963768115942029,0.03840579710144931
274,简单随机,0.6,0.024637681159420277,0.046739130434782616
275,简单随机,0.5,0.07210144927536233,0.05326086956521736
276,简单随机,0.5416666666666666,0.003985507246376807,0.011594202898550732
277,简单随机,0.5916666666666667,0.05760869565217394,0.03840579710144931
278,简单随机,0.6083333333333333,0.05398550724637685,0.05507246376811592
279,简单随机,0.5583333333333333,0.059057971014492755,0.005072463768115987
280,简单随机,0.6,0.04094202898550728,0.046739130434782616
281,简单随机,0.5166666666666667,0.05289855072463767,0.03659420289855064
282,简单随机,0.5166666666666667,0.047101449275362306,0.03659420289855064
283,简单随机,0.5333333333333333,0.030434782608695643,0.019927536231884035
284,简单随机,0.5083333333333333,0.06739130434782609,0.04492753623188406
285,简单随机,0.5416666666666666,0.05289855072463767,0.011594202898550732
286,简单随机,0.5333333333333333,0.030434782608695643,0.019927536231884035
287,简单随机,0.55,0.02898550724637683,0.003260869565217317
288,简单随机,0.5416666666666666,0.05797101449275363,0.011594202898550732
289,简单随机,0.525,0.025362318840579712,0.02826086956521734
290,简单随机,0.55,0.038768115942029,0.003260869565217317
291,简单随机,0.5916666666666667,0.04456521739130431,0.03840579710144931
292,简单随机,0.5666666666666667,0.04094202898550728,0.01340579710144929
293,简单随机,0.55,0.04601449275362318,0.003260869565217317
294,简单随机,0.5833333333333334,0.07101449275362315,0.03007246376811601
295,简单随机,0.5666666666666667,0.08876811594202899,0.01340579710144929
296,简单随机,0.525,0.03768115942028982,0.02826086956521734
297,简单随机,0.5666666666666667,0.09094202898550727,0.01340579710144929
298,简单随机,0.44166666666666665,0.02065217391304347,0.11159420289855071
299,简单随机,0.5166666666666667,0.02065217391304347,0.03659420289855064
300,简单随机,0.6416666666666667,0.04456521739130431,0.08840579710144936
301,简单随机,0.5916666666666667,0.04094202898550728,0.03840579710144931
302,简单随机,0.5083333333333333,0.04456521739130431,0.04492753623188406
303,简单随机,0.5833333333333334,0.04130434782608694,0.03007246376811601
304,简单随机,0.5916666666666667,0.024637681159420277,0.03840579710144931
305,简单随机,0.5333333333333333,0.055434782608695665,0.019927536231884035
306,简单随机,0.5583333333333333,0.04601449275362318,0.005072463768115987
307,简单随机,0.5583333333333333,0.03405797101449276,0.005072463768115987
308,简单随机,0.55,0.08043478260869569,0.003260869565217317
309,简单随机,0.5333333333333333,0.04927536231884058,0.019927536231884035
310,简单随机,0.5333333333333333,0.04963768115942027,0.019927536231884035
311,简单随机,0.5416666666666666,0.04202898550724639,0.011594202898550732
312,简单随机,0.525,0.055434782608695665,0.02826086956521734
313,简单随机,0.5166666666666667,0.03731884057971013,0.03659420289855064
314,简单随机,0.575,0.015942028985507256,0.021739130434782594
315,简单随机,0.6166666666666667,0.05289855072463767,0.06340579710144933
316,简单随机,0.5166666666666667,0.04094202898550728,0.03659420289855064
317,简单随机,0.625,0.05760869565217394,0.07173913043478264
318,简单随机,0.5333333333333333,0.055434782608695665,0.019927536231884035
319,简单随机,0.5,0.038768115942029,0.05326086956521736
320,简单随机,0.525,0.03405797101449276,0.02826086956521734
321,简单随机,0.5916666666666667,0.06268115942028984,0.03840579710144931
322,简单随机,0.5583333333333333,0.05760869565217394,0.005072463768115987
323,简单随机,0.5416666666666666,0.062318840579710155,0.011594202898550732
324,简单随机,0.5166666666666667,0.06376811594202902,0.03659420289855064
325,简单随机,0.525,0.050724637681159424,0.02826086956521734
326,简单随机,0.55,0.02210144927536234,0.003260869565217317
327,简单随机,0.6083333333333333,0.04456521739130431,0.05507246376811592
328,简单随机,0.5083333333333333,0.07210144927536233,0.04492753623188406
329,简单随机,0.5333333333333333,0.02065217391304347,0.019927536231884035
330,简单随机,0.5916666666666667,0.02898550724637683,0.03840579710144931
331,简单随机,0.625,0.03297101449275361,0.07173913043478264
332,简单随机,0.55,0.06376811594202902,0.003260869565217317
333,简单随机,0.5916666666666667,0.03260869565217392,0.03840579710144931
334,简单随机,0.55,0.05289855072463767,0.003260869565217317
335,简单随机,0.5166666666666667,0.024275362318840588,0.03659420289855064
336,简单随机,0.5166666666666667,0.024637681159420277,0.03659420289855064
337,简单随机,0.6083333333333333,0.06268115942028984,0.05507246376811592
338,简单随机,0.6583333333333333,0.04963768115942027,0.10507246376811596
339,简单随机,0.525,0.062318840579710155,0.02826086956521734
340,简单随机,0.5333333333333333,0.07065217391304351,0.019927536231884035
341,简单随机,0.4666666666666667,0.03405797101449276,0.08659420289855069
342,简单随机,0.4583333333333333,0.062318840579710155,0.09492753623188405
343,简单随机,0.5166666666666667,0.08876811594202899,0.03659420289855064
344,简单随机,0.5,0.07572463768115942,0.05326086956521736
345,简单随机,0.5666666666666667,0.07210144927536233,0.01340579710144929
346,简单随机,0.5416666666666666,0.008695652173913049,0.011594202898550732
347,简单随机,0.55,0.06956521739130433,0.003260869565217317
348,简单随机,0.5666666666666667,0.07065217391304351,0.01340579710144929
349,简单随机,0.55,0.03768115942028982,0.003260869565217317
350,简单随机,0.6083333333333333,0.06739130434782609,0.05507246376811592
351,简单随机,0.5666666666666667,0.05398550724637685,0.01340579710144929
352,简单随机,0.55,0.04963768115942027,0.003260869565217317
353,简单随机,0.4583333333333333,0.10289855072463766,0.09492753623188405
354,简单随机,0.5833333333333334,0.024637681159420277,0.03007246376811601
355,简单随机,0.575,0.04130434782608694,0.021739130434782594
356,简单随机,0.5916666666666667,0.04239130434782609,0.03840579710144931
357,简单随机,0.525,0.04565217391304349,0.02826086956521734
358,简单随机,0.5166666666666667,0.030434782608695643,0.03659420289855064
359,简单随机,0.5333333333333333,0.0257246376811594,0.019927536231884035
360,简单随机,0.5166666666666667,0.07210144927536233,0.03659420289855064
361,简单随机,0.5583333333333333,0.05289855072463767,0.005072463768115987
362,简单随机,0.5666666666666667,0.01702898550724638,0.01340579710144929
363,简单随机,0.6166666666666667,0.01702898550724638,0.06340579710144933
364,简单随机,0.5333333333333333,0.04927536231884058,0.019927536231884035
365,简单随机,0.4583333333333333,0.03731884057971013,0.09492753623188405
366,简单随机,0.5083333333333333,0.047101449275362306,0.04492753623188406
367,简单随机,0.5583333333333333,0.02101449275362316,0.005072463768115987
368,简单随机,0.5666666666666667,0.05797101449275363,0.01340579710144929
369,简单随机,0.6083333333333333,0.016304347826086946,0.05507246376811592
370,简单随机,0.525,0.1206521739130435,0.02826086956521734
371,简单随机,0.5666666666666667,0.04565217391304349,0.01340579710144929
372,简单随机,0.5666666666666667,0.04202898550724639,0.01340579710144929
373,简单随机,0.55,0.04202898550724639,0.003260869565217317
374,简单随机,0.6333333333333333,0.07789855072463767,0.08007246376811594
375,简单随机,0.55,0.06739130434782609,0.003260869565217317
376,简单随机,0.55,0.086231884057971,0.003260869565217317
377,简单随机,0.5583333333333333,0.055434782608695665,0.005072463768115987
378,简单随机,0.5,0.01376811594202898,0.05326086956521736
379,简单随机,0.49166666666666664,0.055434782608695665,0.06159420289855072
380,简单随机,0.5333333333333333,0.04963768115942027,0.019927536231884035
381,简单随机,0.5416666666666666,0.08731884057971018,0.011594202898550732
382,简单随机,0.5583333333333333,0.09565217391304348,0.005072463768115987
383,简单随机,0.5083333333333333,0.06739130434782609,0.04492753623188406
384,简单随机,0.5416666666666666,0.02789855072463765,0.011594202898550732
385,简单随机,0.4666666666666667,0.07210144927536233,0.08659420289855069
386,简单随机,0.5583333333333333,0.07210144927536233,0.005072463768115987
387,简单随机,0.475,0.04565217391304349,0.07826086956521738
388,简单随机,0.525,0.06376811594202902,0.02826086956521734
389,简单随机,0.55,0.050724637681159424,0.003260869565217317
390,简单随机,0.55,0.01739130434782607,0.003260869565217317
391,简单随机,0.5583333333333333,0.05289855072463767,0.005072463768115987
392,简单随机,0.5166666666666667,0.03768115942028982,0.03659420289855064
393,简单随机,0.5333333333333333,0.09601449275362317,0.019927536231884035
394,简单随机,0.575,0.08260869565217391,0.021739130434782594
395,简单随机,0.5583333333333333,0.06956521739130433,0.005072463768115987
396,简单随机,0.55,0.059057971014492755,0.003260869565217317
397,简单随机,0.5666666666666667,0.04456521739130431,0.01340579710144929
398,简单随机,0.6166666666666667,0.04601449275362318,0.06340579710144933
399,简单随机,0.575,0.06630434782608696,0.021739130434782594
400,简单随机,0.5416666666666666,0.03405797101449276,0.011594202898550732
401,简单随机,0.6,0.07101449275362315,0.046739130434782616
402,简单随机,0.5416666666666666,0.07065217391304351,0.011594202898550732
403,简单随机,0.5416666666666666,0.03623188405797101,0.011594202898550732
404,简单随机,0.575,0.09094202898550727,0.021739130434782594
405,简单随机,0.6166666666666667,0.011231884057970987,0.06340579710144933
406,简单随机,0.575,0.0742753623188406,0.021739130434782594
407,简单随机,0.5416666666666666,0.047101449275362306,0.011594202898550732
408,简单随机,0.55,0.07572463768115942,0.003260869565217317
409,简单随机,0.5666666666666667,0.05760869565217394,0.01340579710144929
410,简单随机,0.5416666666666666,0.059057971014492755,0.011594202898550732
411,简单随机,0.6166666666666667,0.04094202898550728,0.06340579710144933
412,简单随机,0.575,0.06956521739130433,0.021739130434782594
413,简单随机,0.525,0.03623188405797101,0.02826086956521734
414,简单随机,0.575,0.06630434782608696,0.021739130434782594
415,简单随机,0.4583333333333333,0.062318840579710155,0.09492753623188405
416,简单随机,0.5916666666666667,0.04601449275362318,0.03840579710144931
417,简单随机,0.5333333333333333,0.09710144927536235,0.019927536231884035
418,简单随机,0.5833333333333334,0.03260869565217392,0.03007246376811601
419,简单随机,0.575,0.054347826086956486,0.021739130434782594
420,简单随机,0.5,0.04927536231884058,0.05326086956521736
421,简单随机,0.5833333333333334,0.04130434782608694,0.03007246376811601
422,简单随机,0.6083333333333333,0.04094202898550728,0.05507246376811592
423,简单随机,0.4666666666666667,0.030434782608695643,0.08659420289855069
424,简单随机,0.575,0.02898550724637683,0.021739130434782594
425,简单随机,0.6,0.055434782608695665,0.046739130434782616
426,简单随机,0.5916666666666667,0.05289855072463767,0.03840579710144931
427,简单随机,0.575,0.07210144927536233,0.021739130434782594
428,简单随机,0.5333333333333333,0.09565217391304348,0.019927536231884035
429,简单随机,0.5083333333333333,0.06956521739130433,0.04492753623188406
430,简单随机,0.5833333333333334,0.062318840579710155,0.03007246376811601
431,简单随机,0.5916666666666667,0.02210144927536234,0.03840579710144931
432,简单随机,0.5166666666666667,0.04130434782608694,0.03659420289855064
433,简单随机,0.5916666666666667,0.06268115942028984,0.03840579710144931
434,简单随机,0.5583333333333333,0.04601449275362318,0.005072463768115987
435,简单随机,0.5666666666666667,0.050724637681159424,0.01340579710144929
436,简单随机,0.5416666666666666,0.015942028985507256,0.011594202898550732
437,简单随机,0.5333333333333333,0.06630434782608696,0.019927536231884035
438,简单随机,0.575,0.06630434782608696,0.021739130434782594
439,简单随机,0.5333333333333333,0.012681159420289856,0.019927536231884035
440,简单随机,0.625,0.05797101449275363,0.07173913043478264
441,简单随机,0.5083333333333333,0.05036231884057972,0.04492753623188406
442,简单随机,0.5333333333333333,0.07572463768115942,0.019927536231884035
443,简单随机,0.525,0.02101449275362316,0.02826086956521734
444,简单随机,0.5166666666666667,0.05398550724637685,0.03659420289855064
445,简单随机,0.625,0.0742753623188406,0.07173913043478264
446,简单随机,0.5,0.03731884057971013,0.05326086956521736
447,简单随机,0.5666666666666667,0.02789855072463765,0.01340579710144929
448,简单随机,0.5916666666666667,0.04202898550724639,0.03840579710144931
449,简单随机,0.5,0.061231884057970976,0.05326086956521736
450,简单随机,0.5166666666666667,0.04239130434782609,0.03659420289855064
451,简单随机,0.525,0.10398550724637684,0.02826086956521734
452,简单随机,0.5166666666666667,0.04094202898550728,0.03659420289855064
453,简单随机,0.5666666666666667,0.059057971014492755,0.01340579710144929
454,简单随机,0.6333333333333333,0.03623188405797101,0.08007246376811594
455,简单随机,0.5583333333333333,0.05760869565217394,0.005072463768115987
456,简单随机,0.5833333333333334,0.02789855072463765,0.03007246376811601
457,简单随机,0.6333333333333333,0.07789855072463767,0.08007246376811594
458,简单随机,0.5416666666666666,0.05869565217391305,0.011594202898550732
459,简单随机,0.55,0.05869565217391305,0.003260869565217317
460,简单随机,0.575,0.012318840579710166,0.021739130434782594
461,简单随机,0.5333333333333333,0.062318840579710155,0.019927536231884035
462,简单随机,0.6083333333333333,0.09456521739130433,0.05507246376811592
463,简单随机,0.5166666666666667,0.09601449275362317,0.03659420289855064
464,简单随机,0.5416666666666666,0.030434782608695643,0.011594202898550732
465,简单随机,0.55,0.04927536231884058,0.003260869565217317
466,简单随机,0.5583333333333333,0.03260869565217392,0.005072463768115987
467,简单随机,0.5916666666666667,0.030434782608695643,0.03840579710144931
468,简单随机,0.5833333333333334,0.061231884057970976,0.03007246376811601
469,简单随机,0.5583333333333333,0.061231884057970976,0.005072463768115987
470,简单随机,0.5583333333333333,0.08043478260869569,0.005072463768115987
471,简单随机,0.5583333333333333,0.07210144927536233,0.005072463768115987
472,简单随机,0.5583333333333333,0.03260869565217392,0.005072463768115987
473,简单随机,0.55,0.050724637681159424,0.003260869565217317
474,简单随机,0.5333333333333333,0.0257246376811594,0.019927536231884035
475,简单随机,0.5,0.07898550724637682,0.05326086956521736
476,简单随机,0.6166666666666667,0.04601449275362318,0.06340579710144933
477,简单随机,0.6166666666666667,0.062318840579710155,0.06340579710144933
478,简单随机,0.5083333333333333,0.06956521739130433,0.04492753623188406
479,简单随机,0.5583333333333333,0.007608695652173925,0.005072463768115987
480,简单随机,0.625,0.03731884057971013,0.07173913043478264
481,简单随机,0.5333333333333333,0.06702898550724638,0.019927536231884035
482,简单随机,0.575,0.07065217391304351,0.021739130434782594
483,简单随机,0.525,0.0742753623188406,0.02826086956521734
484,简单随机,0.5666666666666667,0.03297101449275361,0.01340579710144929
485,简单随机,0.5416666666666666,0.07210144927536233,0.011594202898550732
486,简单随机,0.6416666666666667,0.055434782608695665,0.08840579710144936
487,简单随机,0.5166666666666667,0.04565217391304349,0.03659420289855064
488,简单随机,0.5166666666666667,0.04565217391304349,0.03659420289855064
489,简单随机,0.5333333333333333,0.03297101449275361,0.019927536231884035
490,简单随机,0.6583333333333333,0.02789855072463765,0.10507246376811596
491,简单随机,0.6416666666666667,0.02101449275362316,0.08840579710144936
492,简单随机,0.5333333333333333,0.05760869565217394,0.019927536231884035
493,简单随机,0.6583333333333333,0.07101449275362315,0.10507246376811596
494,简单随机,0.6,0.047101449275362306,0.046739130434782616
495,简单随机,0.49166666666666664,0.03260869565217392,0.06159420289855072
496,简单随机,0.525,0.038768115942029,0.02826086956521734
497,简单随机,0.575,0.01739130434782607,0.021739130434782594
498,简单随机,0.5833333333333334,0.01739130434782607,0.03007246376811601
499,简单随机,0.5,0.07210144927536233,0.05326086956521736
500,简单随机,0.6,0.07065217391304351,0.046739130434782616
1,中心×结局分层,0.55,0.005434782608695676,0.003260869565217317
2,中心×结局分层,0.55,0.005434782608695676,0.003260869565217317
3,中心×结局分层,0.55,0.005434782608695676,0.003260869565217317
4,中心×结局分层,0.55,0.005434782608695676,0.003260869565217317
5,中心×结局分层,0.55,0.005434782608695676,0.003260869565217317
6,中心×结局分层,0.55,0.005434782608695676,0.003260869565217317
7,中心×结局分层,0.55,0.005434782608695676,0.003260869565217317
8,中心×结局分层,0.55,0.005434782608695676,0.003260869565217317
9,中心×结局分层,0.55,0.005434782608695676,0.003260869565217317
10,中心×结局分层,0.55,0.005434782608695676,0.003260869565217317
11,中心×结局分层,0.55,0.005434782608695676,0.003260869565217317
12,中心×结局分层,0.55,0.005434782608695676,0.003260869565217317
13,中心×结局分层,0.55,0.005434782608695676,0.003260869565217317
14,中心×结局分层,0.55,0.005434782608695676,0.003260869565217317
15,中心×结局分层,0.55,0.005434782608695676,0.003260869565217317
16,中心×结局分层,0.55,0.005434782608695676,0.003260869565217317
17,中心×结局分层,0.55,0.005434782608695676,0.003260869565217317
18,中心×结局分层,0.55,0.005434782608695676,0.003260869565217317
19,中心×结局分层,0.55,0.005434782608695676,0.003260869565217317
20,中心×结局分层,0.55,0.005434782608695676,0.003260869565217317
21,中心×结局分层,0.55,0.005434782608695676,0.003260869565217317
22,中心×结局分层,0.55,0.005434782608695676,0.003260869565217317
23,中心×结局分层,0.55,0.005434782608695676,0.003260869565217317
24,中心×结局分层,0.55,0.005434782608695676,0.003260869565217317
25,中心×结局分层,0.55,0.005434782608695676,0.003260869565217317
26,中心×结局分层,0.55,0.005434782608695676,0.003260869565217317
27,中心×结局分层,0.55,0.005434782608695676,0.003260869565217317
28,中心×结局分层,0.55,0.005434782608695676,0.003260869565217317
29,中心×结局分层,0.55,0.005434782608695676,0.003260869565217317
30,中心×结局分层,0.55,0.005434782608695676,0.003260869565217317
31,中心×结局分层,0.55,0.005434782608695676,0.003260869565217317
32,中心×结局分层,0.55,0.005434782608695676,0.003260869565217317
33,中心×结局分层,0.55,0.005434782608695676,0.003260869565217317
34,中心×结局分层,0.55,0.005434782608695676,0.003260869565217317
35,中心×结局分层,0.55,0.005434782608695676,0.003260869565217317
36,中心×结局分层,0.55,0.005434782608695676,0.003260869565217317
37,中心×结局分层,0.55,0.005434782608695676,0.003260869565217317
38,中心×结局分层,0.55,0.005434782608695676,0.003260869565217317
39,中心×结局分层,0.55,0.005434782608695676,0.003260869565217317
40,中心×结局分层,0.55,0.005434782608695676,0.003260869565217317
41,中心×结局分层,0.55,0.005434782608695676,0.003260869565217317
42,中心×结局分层,0.55,0.005434782608695676,0.003260869565217317
43,中心×结局分层,0.55,0.005434782608695676,0.003260869565217317
44,中心×结局分层,0.55,0.005434782608695676,0.003260869565217317
45,中心×结局分层,0.55,0.005434782608695676,0.003260869565217317
46,中心×结局分层,0.55,0.005434782608695676,0.003260869565217317
47,中心×结局分层,0.55,0.005434782608695676,0.003260869565217317
48,中心×结局分层,0.55,0.005434782608695676,0.003260869565217317
49,中心×结局分层,0.55,0.005434782608695676,0.003260869565217317
50,中心×结局分层,0.55,0.005434782608695676,0.003260869565217317
51,中心×结局分层,0.55,0.005434782608695676,0.003260869565217317
52,中心×结局分层,0.55,0.005434782608695676,0.003260869565217317
53,中心×结局分层,0.55,0.005434782608695676,0.003260869565217317
54,中心×结局分层,0.55,0.005434782608695676,0.003260869565217317
55,中心×结局分层,0.55,0.005434782608695676,0.003260869565217317
56,中心×结局分层,0.55,0.005434782608695676,0.003260869565217317
57,中心×结局分层,0.55,0.005434782608695676,0.003260869565217317
58,中心×结局分层,0.55,0.005434782608695676,0.003260869565217317
59,中心×结局分层,0.55,0.005434782608695676,0.003260869565217317
60,中心×结局分层,0.55,0.005434782608695676,0.003260869565217317
61,中心×结局分层,0.55,0.005434782608695676,0.003260869565217317
62,中心×结局分层,0.55,0.005434782608695676,0.003260869565217317
63,中心×结局分层,0.55,0.005434782608695676,0.003260869565217317
64,中心×结局分层,0.55,0.005434782608695676,0.003260869565217317
65,中心×结局分层,0.55,0.005434782608695676,0.003260869565217317
66,中心×结局分层,0.55,0.005434782608695676,0.003260869565217317
67,中心×结局分层,0.55,0.005434782608695676,0.003260869565217317
68,中心×结局分层,0.55,0.005434782608695676,0.003260869565217317
69,中心×结局分层,0.55,0.005434782608695676,0.003260869565217317
70,中心×结局分层,0.55,0.005434782608695676,0.003260869565217317
71,中心×结局分层,0.55,0.005434782608695676,0.003260869565217317
72,中心×结局分层,0.55,0.005434782608695676,0.003260869565217317
73,中心×结局分层,0.55,0.005434782608695676,0.003260869565217317
74,中心×结局分层,0.55,0.005434782608695676,0.003260869565217317
75,中心×结局分层,0.55,0.005434782608695676,0.003260869565217317
76,中心×结局分层,0.55,0.005434782608695676,0.003260869565217317
77,中心×结局分层,0.55,0.005434782608695676,0.003260869565217317
78,中心×结局分层,0.55,0.005434782608695676,0.003260869565217317
79,中心×结局分层,0.55,0.005434782608695676,0.003260869565217317
80,中心×结局分层,0.55,0.005434782608695676,0.003260869565217317
81,中心×结局分层,0.55,0.005434782608695676,0.003260869565217317
82,中心×结局分层,0.55,0.005434782608695676,0.003260869565217317
83,中心×结局分层,0.55,0.005434782608695676,0.003260869565217317
84,中心×结局分层,0.55,0.005434782608695676,0.003260869565217317
85,中心×结局分层,0.55,0.005434782608695676,0.003260869565217317
86,中心×结局分层,0.55,0.005434782608695676,0.003260869565217317
87,中心×结局分层,0.55,0.005434782608695676,0.003260869565217317
88,中心×结局分层,0.55,0.005434782608695676,0.003260869565217317
89,中心×结局分层,0.55,0.005434782608695676,0.003260869565217317
90,中心×结局分层,0.55,0.005434782608695676,0.003260869565217317
91,中心×结局分层,0.55,0.005434782608695676,0.003260869565217317
92,中心×结局分层,0.55,0.005434782608695676,0.003260869565217317
93,中心×结局分层,0.55,0.005434782608695676,0.003260869565217317
94,中心×结局分层,0.55,0.005434782608695676,0.003260869565217317
95,中心×结局分层,0.55,0.005434782608695676,0.003260869565217317
96,中心×结局分层,0.55,0.005434782608695676,0.003260869565217317
97,中心×结局分层,0.55,0.005434782608695676,0.003260869565217317
98,中心×结局分层,0.55,0.005434782608695676,0.003260869565217317
99,中心×结局分层,0.55,0.005434782608695676,0.003260869565217317
100,中心×结局分层,0.55,0.005434782608695676,0.003260869565217317
101,中心×结局分层,0.55,0.005434782608695676,0.003260869565217317
102,中心×结局分层,0.55,0.005434782608695676,0.003260869565217317
103,中心×结局分层,0.55,0.005434782608695676,0.003260869565217317
104,中心×结局分层,0.55,0.005434782608695676,0.003260869565217317
105,中心×结局分层,0.55,0.005434782608695676,0.003260869565217317
106,中心×结局分层,0.55,0.005434782608695676,0.003260869565217317
107,中心×结局分层,0.55,0.005434782608695676,0.003260869565217317
108,中心×结局分层,0.55,0.005434782608695676,0.003260869565217317
109,中心×结局分层,0.55,0.005434782608695676,0.003260869565217317
110,中心×结局分层,0.55,0.005434782608695676,0.003260869565217317
111,中心×结局分层,0.55,0.005434782608695676,0.003260869565217317
112,中心×结局分层,0.55,0.005434782608695676,0.003260869565217317
113,中心×结局分层,0.55,0.005434782608695676,0.003260869565217317
114,中心×结局分层,0.55,0.005434782608695676,0.003260869565217317
115,中心×结局分层,0.55,0.005434782608695676,0.003260869565217317
116,中心×结局分层,0.55,0.005434782608695676,0.003260869565217317
117,中心×结局分层,0.55,0.005434782608695676,0.003260869565217317
118,中心×结局分层,0.55,0.005434782608695676,0.003260869565217317
119,中心×结局分层,0.55,0.005434782608695676,0.003260869565217317
120,中心×结局分层,0.55,0.005434782608695676,0.003260869565217317
121,中心×结局分层,0.55,0.005434782608695676,0.003260869565217317
122,中心×结局分层,0.55,0.005434782608695676,0.003260869565217317
123,中心×结局分层,0.55,0.005434782608695676,0.003260869565217317
124,中心×结局分层,0.55,0.005434782608695676,0.003260869565217317
125,中心×结局分层,0.55,0.005434782608695676,0.003260869565217317
126,中心×结局分层,0.55,0.005434782608695676,0.003260869565217317
127,中心×结局分层,0.55,0.005434782608695676,0.003260869565217317
128,中心×结局分层,0.55,0.005434782608695676,0.003260869565217317
129,中心×结局分层,0.55,0.005434782608695676,0.003260869565217317
130,中心×结局分层,0.55,0.005434782608695676,0.003260869565217317
131,中心×结局分层,0.55,0.005434782608695676,0.003260869565217317
132,中心×结局分层,0.55,0.005434782608695676,0.003260869565217317
133,中心×结局分层,0.55,0.005434782608695676,0.003260869565217317
134,中心×结局分层,0.55,0.005434782608695676,0.003260869565217317
135,中心×结局分层,0.55,0.005434782608695676,0.003260869565217317
136,中心×结局分层,0.55,0.005434782608695676,0.003260869565217317
137,中心×结局分层,0.55,0.005434782608695676,0.003260869565217317
138,中心×结局分层,0.55,0.005434782608695676,0.003260869565217317
139,中心×结局分层,0.55,0.005434782608695676,0.003260869565217317
140,中心×结局分层,0.55,0.005434782608695676,0.003260869565217317
141,中心×结局分层,0.55,0.005434782608695676,0.003260869565217317
142,中心×结局分层,0.55,0.005434782608695676,0.003260869565217317
143,中心×结局分层,0.55,0.005434782608695676,0.003260869565217317
144,中心×结局分层,0.55,0.005434782608695676,0.003260869565217317
145,中心×结局分层,0.55,0.005434782608695676,0.003260869565217317
146,中心×结局分层,0.55,0.005434782608695676,0.003260869565217317
147,中心×结局分层,0.55,0.005434782608695676,0.003260869565217317
148,中心×结局分层,0.55,0.005434782608695676,0.003260869565217317
149,中心×结局分层,0.55,0.005434782608695676,0.003260869565217317
150,中心×结局分层,0.55,0.005434782608695676,0.003260869565217317
151,中心×结局分层,0.55,0.005434782608695676,0.003260869565217317
152,中心×结局分层,0.55,0.005434782608695676,0.003260869565217317
153,中心×结局分层,0.55,0.005434782608695676,0.003260869565217317
154,中心×结局分层,0.55,0.005434782608695676,0.003260869565217317
155,中心×结局分层,0.55,0.005434782608695676,0.003260869565217317
156,中心×结局分层,0.55,0.005434782608695676,0.003260869565217317
157,中心×结局分层,0.55,0.005434782608695676,0.003260869565217317
158,中心×结局分层,0.55,0.005434782608695676,0.003260869565217317
159,中心×结局分层,0.55,0.005434782608695676,0.003260869565217317
160,中心×结局分层,0.55,0.005434782608695676,0.003260869565217317
161,中心×结局分层,0.55,0.005434782608695676,0.003260869565217317
162,中心×结局分层,0.55,0.005434782608695676,0.003260869565217317
163,中心×结局分层,0.55,0.005434782608695676,0.003260869565217317
164,中心×结局分层,0.55,0.005434782608695676,0.003260869565217317
165,中心×结局分层,0.55,0.005434782608695676,0.003260869565217317
166,中心×结局分层,0.55,0.005434782608695676,0.003260869565217317
167,中心×结局分层,0.55,0.005434782608695676,0.003260869565217317
168,中心×结局分层,0.55,0.005434782608695676,0.003260869565217317
169,中心×结局分层,0.55,0.005434782608695676,0.003260869565217317
170,中心×结局分层,0.55,0.005434782608695676,0.003260869565217317
171,中心×结局分层,0.55,0.005434782608695676,0.003260869565217317
172,中心×结局分层,0.55,0.005434782608695676,0.003260869565217317
173,中心×结局分层,0.55,0.005434782608695676,0.003260869565217317
174,中心×结局分层,0.55,0.005434782608695676,0.003260869565217317
175,中心×结局分层,0.55,0.005434782608695676,0.003260869565217317
176,中心×结局分层,0.55,0.005434782608695676,0.003260869565217317
177,中心×结局分层,0.55,0.005434782608695676,0.003260869565217317
178,中心×结局分层,0.55,0.005434782608695676,0.003260869565217317
179,中心×结局分层,0.55,0.005434782608695676,0.003260869565217317
180,中心×结局分层,0.55,0.005434782608695676,0.003260869565217317
181,中心×结局分层,0.55,0.005434782608695676,0.003260869565217317
182,中心×结局分层,0.55,0.005434782608695676,0.003260869565217317
183,中心×结局分层,0.55,0.005434782608695676,0.003260869565217317
184,中心×结局分层,0.55,0.005434782608695676,0.003260869565217317
185,中心×结局分层,0.55,0.005434782608695676,0.003260869565217317
186,中心×结局分层,0.55,0.005434782608695676,0.003260869565217317
187,中心×结局分层,0.55,0.005434782608695676,0.003260869565217317
188,中心×结局分层,0.55,0.005434782608695676,0.003260869565217317
189,中心×结局分层,0.55,0.005434782608695676,0.003260869565217317
190,中心×结局分层,0.55,0.005434782608695676,0.003260869565217317
191,中心×结局分层,0.55,0.005434782608695676,0.003260869565217317
192,中心×结局分层,0.55,0.005434782608695676,0.003260869565217317
193,中心×结局分层,0.55,0.005434782608695676,0.003260869565217317
194,中心×结局分层,0.55,0.005434782608695676,0.003260869565217317
195,中心×结局分层,0.55,0.005434782608695676,0.003260869565217317
196,中心×结局分层,0.55,0.005434782608695676,0.003260869565217317
197,中心×结局分层,0.55,0.005434782608695676,0.003260869565217317
198,中心×结局分层,0.55,0.005434782608695676,0.003260869565217317
199,中心×结局分层,0.55,0.005434782608695676,0.003260869565217317
200,中心×结局分层,0.55,0.005434782608695676,0.003260869565217317
201,中心×结局分层,0.55,0.005434782608695676,0.003260869565217317
202,中心×结局分层,0.55,0.005434782608695676,0.003260869565217317
203,中心×结局分层,0.55,0.005434782608695676,0.003260869565217317
204,中心×结局分层,0.55,0.005434782608695676,0.003260869565217317
205,中心×结局分层,0.55,0.005434782608695676,0.003260869565217317
206,中心×结局分层,0.55,0.005434782608695676,0.003260869565217317
207,中心×结局分层,0.55,0.005434782608695676,0.003260869565217317
208,中心×结局分层,0.55,0.005434782608695676,0.003260869565217317
209,中心×结局分层,0.55,0.005434782608695676,0.003260869565217317
210,中心×结局分层,0.55,0.005434782608695676,0.003260869565217317
211,中心×结局分层,0.55,0.005434782608695676,0.003260869565217317
212,中心×结局分层,0.55,0.005434782608695676,0.003260869565217317
213,中心×结局分层,0.55,0.005434782608695676,0.003260869565217317
214,中心×结局分层,0.55,0.005434782608695676,0.003260869565217317
215,中心×结局分层,0.55,0.005434782608695676,0.003260869565217317
216,中心×结局分层,0.55,0.005434782608695676,0.003260869565217317
217,中心×结局分层,0.55,0.005434782608695676,0.003260869565217317
218,中心×结局分层,0.55,0.005434782608695676,0.003260869565217317
219,中心×结局分层,0.55,0.005434782608695676,0.003260869565217317
220,中心×结局分层,0.55,0.005434782608695676,0.003260869565217317
221,中心×结局分层,0.55,0.005434782608695676,0.003260869565217317
222,中心×结局分层,0.55,0.005434782608695676,0.003260869565217317
223,中心×结局分层,0.55,0.005434782608695676,0.003260869565217317
224,中心×结局分层,0.55,0.005434782608695676,0.003260869565217317
225,中心×结局分层,0.55,0.005434782608695676,0.003260869565217317
226,中心×结局分层,0.55,0.005434782608695676,0.003260869565217317
227,中心×结局分层,0.55,0.005434782608695676,0.003260869565217317
228,中心×结局分层,0.55,0.005434782608695676,0.003260869565217317
229,中心×结局分层,0.55,0.005434782608695676,0.003260869565217317
230,中心×结局分层,0.55,0.005434782608695676,0.003260869565217317
231,中心×结局分层,0.55,0.005434782608695676,0.003260869565217317
232,中心×结局分层,0.55,0.005434782608695676,0.003260869565217317
233,中心×结局分层,0.55,0.005434782608695676,0.003260869565217317
234,中心×结局分层,0.55,0.005434782608695676,0.003260869565217317
235,中心×结局分层,0.55,0.005434782608695676,0.003260869565217317
236,中心×结局分层,0.55,0.005434782608695676,0.003260869565217317
237,中心×结局分层,0.55,0.005434782608695676,0.003260869565217317
238,中心×结局分层,0.55,0.005434782608695676,0.003260869565217317
239,中心×结局分层,0.55,0.005434782608695676,0.003260869565217317
240,中心×结局分层,0.55,0.005434782608695676,0.003260869565217317
241,中心×结局分层,0.55,0.005434782608695676,0.003260869565217317
242,中心×结局分层,0.55,0.005434782608695676,0.003260869565217317
243,中心×结局分层,0.55,0.005434782608695676,0.003260869565217317
244,中心×结局分层,0.55,0.005434782608695676,0.003260869565217317
245,中心×结局分层,0.55,0.005434782608695676,0.003260869565217317
246,中心×结局分层,0.55,0.005434782608695676,0.003260869565217317
247,中心×结局分层,0.55,0.005434782608695676,0.003260869565217317
248,中心×结局分层,0.55,0.005434782608695676,0.003260869565217317
249,中心×结局分层,0.55,0.005434782608695676,0.003260869565217317
250,中心×结局分层,0.55,0.005434782608695676,0.003260869565217317
251,中心×结局分层,0.55,0.005434782608695676,0.003260869565217317
252,中心×结局分层,0.55,0.005434782608695676,0.003260869565217317
253,中心×结局分层,0.55,0.005434782608695676,0.003260869565217317
254,中心×结局分层,0.55,0.005434782608695676,0.003260869565217317
255,中心×结局分层,0.55,0.005434782608695676,0.003260869565217317
256,中心×结局分层,0.55,0.005434782608695676,0.003260869565217317
257,中心×结局分层,0.55,0.005434782608695676,0.003260869565217317
258,中心×结局分层,0.55,0.005434782608695676,0.003260869565217317
259,中心×结局分层,0.55,0.005434782608695676,0.003260869565217317
260,中心×结局分层,0.55,0.005434782608695676,0.003260869565217317
261,中心×结局分层,0.55,0.005434782608695676,0.003260869565217317
262,中心×结局分层,0.55,0.005434782608695676,0.003260869565217317
263,中心×结局分层,0.55,0.005434782608695676,0.003260869565217317
264,中心×结局分层,0.55,0.005434782608695676,0.003260869565217317
265,中心×结局分层,0.55,0.005434782608695676,0.003260869565217317
266,中心×结局分层,0.55,0.005434782608695676,0.003260869565217317
267,中心×结局分层,0.55,0.005434782608695676,0.003260869565217317
268,中心×结局分层,0.55,0.005434782608695676,0.003260869565217317
269,中心×结局分层,0.55,0.005434782608695676,0.003260869565217317
270,中心×结局分层,0.55,0.005434782608695676,0.003260869565217317
271,中心×结局分层,0.55,0.005434782608695676,0.003260869565217317
272,中心×结局分层,0.55,0.005434782608695676,0.003260869565217317
273,中心×结局分层,0.55,0.005434782608695676,0.003260869565217317
274,中心×结局分层,0.55,0.005434782608695676,0.003260869565217317
275,中心×结局分层,0.55,0.005434782608695676,0.003260869565217317
276,中心×结局分层,0.55,0.005434782608695676,0.003260869565217317
277,中心×结局分层,0.55,0.005434782608695676,0.003260869565217317
278,中心×结局分层,0.55,0.005434782608695676,0.003260869565217317
279,中心×结局分层,0.55,0.005434782608695676,0.003260869565217317
280,中心×结局分层,0.55,0.005434782608695676,0.003260869565217317
281,中心×结局分层,0.55,0.005434782608695676,0.003260869565217317
282,中心×结局分层,0.55,0.005434782608695676,0.003260869565217317
283,中心×结局分层,0.55,0.005434782608695676,0.003260869565217317
284,中心×结局分层,0.55,0.005434782608695676,0.003260869565217317
285,中心×结局分层,0.55,0.005434782608695676,0.003260869565217317
286,中心×结局分层,0.55,0.005434782608695676,0.003260869565217317
287,中心×结局分层,0.55,0.005434782608695676,0.003260869565217317
288,中心×结局分层,0.55,0.005434782608695676,0.003260869565217317
289,中心×结局分层,0.55,0.005434782608695676,0.003260869565217317
290,中心×结局分层,0.55,0.005434782608695676,0.003260869565217317
291,中心×结局分层,0.55,0.005434782608695676,0.003260869565217317
292,中心×结局分层,0.55,0.005434782608695676,0.003260869565217317
293,中心×结局分层,0.55,0.005434782608695676,0.003260869565217317
294,中心×结局分层,0.55,0.005434782608695676,0.003260869565217317
295,中心×结局分层,0.55,0.005434782608695676,0.003260869565217317
296,中心×结局分层,0.55,0.005434782608695676,0.003260869565217317
297,中心×结局分层,0.55,0.005434782608695676,0.003260869565217317
298,中心×结局分层,0.55,0.005434782608695676,0.003260869565217317
299,中心×结局分层,0.55,0.005434782608695676,0.003260869565217317
300,中心×结局分层,0.55,0.005434782608695676,0.003260869565217317
301,中心×结局分层,0.55,0.005434782608695676,0.003260869565217317
302,中心×结局分层,0.55,0.005434782608695676,0.003260869565217317
303,中心×结局分层,0.55,0.005434782608695676,0.003260869565217317
304,中心×结局分层,0.55,0.005434782608695676,0.003260869565217317
305,中心×结局分层,0.55,0.005434782608695676,0.003260869565217317
306,中心×结局分层,0.55,0.005434782608695676,0.003260869565217317
307,中心×结局分层,0.55,0.005434782608695676,0.003260869565217317
308,中心×结局分层,0.55,0.005434782608695676,0.003260869565217317
309,中心×结局分层,0.55,0.005434782608695676,0.003260869565217317
310,中心×结局分层,0.55,0.005434782608695676,0.003260869565217317
311,中心×结局分层,0.55,0.005434782608695676,0.003260869565217317
312,中心×结局分层,0.55,0.005434782608695676,0.003260869565217317
313,中心×结局分层,0.55,0.005434782608695676,0.003260869565217317
314,中心×结局分层,0.55,0.005434782608695676,0.003260869565217317
315,中心×结局分层,0.55,0.005434782608695676,0.003260869565217317
316,中心×结局分层,0.55,0.005434782608695676,0.003260869565217317
317,中心×结局分层,0.55,0.005434782608695676,0.003260869565217317
318,中心×结局分层,0.55,0.005434782608695676,0.003260869565217317
319,中心×结局分层,0.55,0.005434782608695676,0.003260869565217317
320,中心×结局分层,0.55,0.005434782608695676,0.003260869565217317
321,中心×结局分层,0.55,0.005434782608695676,0.003260869565217317
322,中心×结局分层,0.55,0.005434782608695676,0.003260869565217317
323,中心×结局分层,0.55,0.005434782608695676,0.003260869565217317
324,中心×结局分层,0.55,0.005434782608695676,0.003260869565217317
325,中心×结局分层,0.55,0.005434782608695676,0.003260869565217317
326,中心×结局分层,0.55,0.005434782608695676,0.003260869565217317
327,中心×结局分层,0.55,0.005434782608695676,0.003260869565217317
328,中心×结局分层,0.55,0.005434782608695676,0.003260869565217317
329,中心×结局分层,0.55,0.005434782608695676,0.003260869565217317
330,中心×结局分层,0.55,0.005434782608695676,0.003260869565217317
331,中心×结局分层,0.55,0.005434782608695676,0.003260869565217317
332,中心×结局分层,0.55,0.005434782608695676,0.003260869565217317
333,中心×结局分层,0.55,0.005434782608695676,0.003260869565217317
334,中心×结局分层,0.55,0.005434782608695676,0.003260869565217317
335,中心×结局分层,0.55,0.005434782608695676,0.003260869565217317
336,中心×结局分层,0.55,0.005434782608695676,0.003260869565217317
337,中心×结局分层,0.55,0.005434782608695676,0.003260869565217317
338,中心×结局分层,0.55,0.005434782608695676,0.003260869565217317
339,中心×结局分层,0.55,0.005434782608695676,0.003260869565217317
340,中心×结局分层,0.55,0.005434782608695676,0.003260869565217317
341,中心×结局分层,0.55,0.005434782608695676,0.003260869565217317
342,中心×结局分层,0.55,0.005434782608695676,0.003260869565217317
343,中心×结局分层,0.55,0.005434782608695676,0.003260869565217317
344,中心×结局分层,0.55,0.005434782608695676,0.003260869565217317
345,中心×结局分层,0.55,0.005434782608695676,0.003260869565217317
346,中心×结局分层,0.55,0.005434782608695676,0.003260869565217317
347,中心×结局分层,0.55,0.005434782608695676,0.003260869565217317
348,中心×结局分层,0.55,0.005434782608695676,0.003260869565217317
349,中心×结局分层,0.55,0.005434782608695676,0.003260869565217317
350,中心×结局分层,0.55,0.005434782608695676,0.003260869565217317
351,中心×结局分层,0.55,0.005434782608695676,0.003260869565217317
352,中心×结局分层,0.55,0.005434782608695676,0.003260869565217317
353,中心×结局分层,0.55,0.005434782608695676,0.003260869565217317
354,中心×结局分层,0.55,0.005434782608695676,0.003260869565217317
355,中心×结局分层,0.55,0.005434782608695676,0.003260869565217317
356,中心×结局分层,0.55,0.005434782608695676,0.003260869565217317
357,中心×结局分层,0.55,0.005434782608695676,0.003260869565217317
358,中心×结局分层,0.55,0.005434782608695676,0.003260869565217317
359,中心×结局分层,0.55,0.005434782608695676,0.003260869565217317
360,中心×结局分层,0.55,0.005434782608695676,0.003260869565217317
361,中心×结局分层,0.55,0.005434782608695676,0.003260869565217317
362,中心×结局分层,0.55,0.005434782608695676,0.003260869565217317
363,中心×结局分层,0.55,0.005434782608695676,0.003260869565217317
364,中心×结局分层,0.55,0.005434782608695676,0.003260869565217317
365,中心×结局分层,0.55,0.005434782608695676,0.003260869565217317
366,中心×结局分层,0.55,0.005434782608695676,0.003260869565217317
367,中心×结局分层,0.55,0.005434782608695676,0.003260869565217317
368,中心×结局分层,0.55,0.005434782608695676,0.003260869565217317
369,中心×结局分层,0.55,0.005434782608695676,0.003260869565217317
370,中心×结局分层,0.55,0.005434782608695676,0.003260869565217317
371,中心×结局分层,0.55,0.005434782608695676,0.003260869565217317
372,中心×结局分层,0.55,0.005434782608695676,0.003260869565217317
373,中心×结局分层,0.55,0.005434782608695676,0.003260869565217317
374,中心×结局分层,0.55,0.005434782608695676,0.003260869565217317
375,中心×结局分层,0.55,0.005434782608695676,0.003260869565217317
376,中心×结局分层,0.55,0.005434782608695676,0.003260869565217317
377,中心×结局分层,0.55,0.005434782608695676,0.003260869565217317
378,中心×结局分层,0.55,0.005434782608695676,0.003260869565217317
379,中心×结局分层,0.55,0.005434782608695676,0.003260869565217317
380,中心×结局分层,0.55,0.005434782608695676,0.003260869565217317
381,中心×结局分层,0.55,0.005434782608695676,0.003260869565217317
382,中心×结局分层,0.55,0.005434782608695676,0.003260869565217317
383,中心×结局分层,0.55,0.005434782608695676,0.003260869565217317
384,中心×结局分层,0.55,0.005434782608695676,0.003260869565217317
385,中心×结局分层,0.55,0.005434782608695676,0.003260869565217317
386,中心×结局分层,0.55,0.005434782608695676,0.003260869565217317
387,中心×结局分层,0.55,0.005434782608695676,0.003260869565217317
388,中心×结局分层,0.55,0.005434782608695676,0.003260869565217317
389,中心×结局分层,0.55,0.005434782608695676,0.003260869565217317
390,中心×结局分层,0.55,0.005434782608695676,0.003260869565217317
391,中心×结局分层,0.55,0.005434782608695676,0.003260869565217317
392,中心×结局分层,0.55,0.005434782608695676,0.003260869565217317
393,中心×结局分层,0.55,0.005434782608695676,0.003260869565217317
394,中心×结局分层,0.55,0.005434782608695676,0.003260869565217317
395,中心×结局分层,0.55,0.005434782608695676,0.003260869565217317
396,中心×结局分层,0.55,0.005434782608695676,0.003260869565217317
397,中心×结局分层,0.55,0.005434782608695676,0.003260869565217317
398,中心×结局分层,0.55,0.005434782608695676,0.003260869565217317
399,中心×结局分层,0.55,0.005434782608695676,0.003260869565217317
400,中心×结局分层,0.55,0.005434782608695676,0.003260869565217317
401,中心×结局分层,0.55,0.005434782608695676,0.003260869565217317
402,中心×结局分层,0.55,0.005434782608695676,0.003260869565217317
403,中心×结局分层,0.55,0.005434782608695676,0.003260869565217317
404,中心×结局分层,0.55,0.005434782608695676,0.003260869565217317
405,中心×结局分层,0.55,0.005434782608695676,0.003260869565217317
406,中心×结局分层,0.55,0.005434782608695676,0.003260869565217317
407,中心×结局分层,0.55,0.005434782608695676,0.003260869565217317
408,中心×结局分层,0.55,0.005434782608695676,0.003260869565217317
409,中心×结局分层,0.55,0.005434782608695676,0.003260869565217317
410,中心×结局分层,0.55,0.005434782608695676,0.003260869565217317
411,中心×结局分层,0.55,0.005434782608695676,0.003260869565217317
412,中心×结局分层,0.55,0.005434782608695676,0.003260869565217317
413,中心×结局分层,0.55,0.005434782608695676,0.003260869565217317
414,中心×结局分层,0.55,0.005434782608695676,0.003260869565217317
415,中心×结局分层,0.55,0.005434782608695676,0.003260869565217317
416,中心×结局分层,0.55,0.005434782608695676,0.003260869565217317
417,中心×结局分层,0.55,0.005434782608695676,0.003260869565217317
418,中心×结局分层,0.55,0.005434782608695676,0.003260869565217317
419,中心×结局分层,0.55,0.005434782608695676,0.003260869565217317
420,中心×结局分层,0.55,0.005434782608695676,0.003260869565217317
421,中心×结局分层,0.55,0.005434782608695676,0.003260869565217317
422,中心×结局分层,0.55,0.005434782608695676,0.003260869565217317
423,中心×结局分层,0.55,0.005434782608695676,0.003260869565217317
424,中心×结局分层,0.55,0.005434782608695676,0.003260869565217317
425,中心×结局分层,0.55,0.005434782608695676,0.003260869565217317
426,中心×结局分层,0.55,0.005434782608695676,0.003260869565217317
427,中心×结局分层,0.55,0.005434782608695676,0.003260869565217317
428,中心×结局分层,0.55,0.005434782608695676,0.003260869565217317
429,中心×结局分层,0.55,0.005434782608695676,0.003260869565217317
430,中心×结局分层,0.55,0.005434782608695676,0.003260869565217317
431,中心×结局分层,0.55,0.005434782608695676,0.003260869565217317
432,中心×结局分层,0.55,0.005434782608695676,0.003260869565217317
433,中心×结局分层,0.55,0.005434782608695676,0.003260869565217317
434,中心×结局分层,0.55,0.005434782608695676,0.003260869565217317
435,中心×结局分层,0.55,0.005434782608695676,0.003260869565217317
436,中心×结局分层,0.55,0.005434782608695676,0.003260869565217317
437,中心×结局分层,0.55,0.005434782608695676,0.003260869565217317
438,中心×结局分层,0.55,0.005434782608695676,0.003260869565217317
439,中心×结局分层,0.55,0.005434782608695676,0.003260869565217317
440,中心×结局分层,0.55,0.005434782608695676,0.003260869565217317
441,中心×结局分层,0.55,0.005434782608695676,0.003260869565217317
442,中心×结局分层,0.55,0.005434782608695676,0.003260869565217317
443,中心×结局分层,0.55,0.005434782608695676,0.003260869565217317
444,中心×结局分层,0.55,0.005434782608695676,0.003260869565217317
445,中心×结局分层,0.55,0.005434782608695676,0.003260869565217317
446,中心×结局分层,0.55,0.005434782608695676,0.003260869565217317
447,中心×结局分层,0.55,0.005434782608695676,0.003260869565217317
448,中心×结局分层,0.55,0.005434782608695676,0.003260869565217317
449,中心×结局分层,0.55,0.005434782608695676,0.003260869565217317
450,中心×结局分层,0.55,0.005434782608695676,0.003260869565217317
451,中心×结局分层,0.55,0.005434782608695676,0.003260869565217317
452,中心×结局分层,0.55,0.005434782608695676,0.003260869565217317
453,中心×结局分层,0.55,0.005434782608695676,0.003260869565217317
454,中心×结局分层,0.55,0.005434782608695676,0.003260869565217317
455,中心×结局分层,0.55,0.005434782608695676,0.003260869565217317
456,中心×结局分层,0.55,0.005434782608695676,0.003260869565217317
457,中心×结局分层,0.55,0.005434782608695676,0.003260869565217317
458,中心×结局分层,0.55,0.005434782608695676,0.003260869565217317
459,中心×结局分层,0.55,0.005434782608695676,0.003260869565217317
460,中心×结局分层,0.55,0.005434782608695676,0.003260869565217317
461,中心×结局分层,0.55,0.005434782608695676,0.003260869565217317
462,中心×结局分层,0.55,0.005434782608695676,0.003260869565217317
463,中心×结局分层,0.55,0.005434782608695676,0.003260869565217317
464,中心×结局分层,0.55,0.005434782608695676,0.003260869565217317
465,中心×结局分层,0.55,0.005434782608695676,0.003260869565217317
466,中心×结局分层,0.55,0.005434782608695676,0.003260869565217317
467,中心×结局分层,0.55,0.005434782608695676,0.003260869565217317
468,中心×结局分层,0.55,0.005434782608695676,0.003260869565217317
469,中心×结局分层,0.55,0.005434782608695676,0.003260869565217317
470,中心×结局分层,0.55,0.005434782608695676,0.003260869565217317
471,中心×结局分层,0.55,0.005434782608695676,0.003260869565217317
472,中心×结局分层,0.55,0.005434782608695676,0.003260869565217317
473,中心×结局分层,0.55,0.005434782608695676,0.003260869565217317
474,中心×结局分层,0.55,0.005434782608695676,0.003260869565217317
475,中心×结局分层,0.55,0.005434782608695676,0.003260869565217317
476,中心×结局分层,0.55,0.005434782608695676,0.003260869565217317
477,中心×结局分层,0.55,0.005434782608695676,0.003260869565217317
478,中心×结局分层,0.55,0.005434782608695676,0.003260869565217317
479,中心×结局分层,0.55,0.005434782608695676,0.003260869565217317
480,中心×结局分层,0.55,0.005434782608695676,0.003260869565217317
481,中心×结局分层,0.55,0.005434782608695676,0.003260869565217317
482,中心×结局分层,0.55,0.005434782608695676,0.003260869565217317
483,中心×结局分层,0.55,0.005434782608695676,0.003260869565217317
484,中心×结局分层,0.55,0.005434782608695676,0.003260869565217317
485,中心×结局分层,0.55,0.005434782608695676,0.003260869565217317
486,中心×结局分层,0.55,0.005434782608695676,0.003260869565217317
487,中心×结局分层,0.55,0.005434782608695676,0.003260869565217317
488,中心×结局分层,0.55,0.005434782608695676,0.003260869565217317
489,中心×结局分层,0.55,0.005434782608695676,0.003260869565217317
490,中心×结局分层,0.55,0.005434782608695676,0.003260869565217317
491,中心×结局分层,0.55,0.005434782608695676,0.003260869565217317
492,中心×结局分层,0.55,0.005434782608695676,0.003260869565217317
493,中心×结局分层,0.55,0.005434782608695676,0.003260869565217317
494,中心×结局分层,0.55,0.005434782608695676,0.003260869565217317
495,中心×结局分层,0.55,0.005434782608695676,0.003260869565217317
496,中心×结局分层,0.55,0.005434782608695676,0.003260869565217317
497,中心×结局分层,0.55,0.005434782608695676,0.003260869565217317
498,中心×结局分层,0.55,0.005434782608695676,0.003260869565217317
499,中心×结局分层,0.55,0.005434782608695676,0.003260869565217317
500,中心×结局分层,0.55,0.005434782608695676,0.003260869565217317
